grid_id,building_count,total_floor_area_m2,total_energy_GWh,heating_GWh,cooling_GWh,other_GWh,dominant_era,era_entropy,energy_density_GWh_km2
0,0,,0.0000,,,,,,0.0000
1,0,,0.0000,,,,,,0.0000
2,0,,0.0000,,,,,,0.0000
3,0,,0.0000,,,,,,0.0000
4,0,,0.0000,,,,,,0.0000
5,0,,0.0000,,,,,,0.0000
6,0,,0.0000,,,,,,0.0000
7,0,,0.0000,,,,,,0.0000
8,0,,0.0000,,,,,,0.0000
9,0,,0.0000,,,,,,0.0000
10,0,,0.0000,,,,,,0.0000
11,0,,0.0000,,,,,,0.0000
12,0,,0.0000,,,,,,0.0000
13,0,,0.0000,,,,,,0.0000
14,0,,0.0000,,,,,,0.0000
15,0,,0.0000,,,,,,0.0000
16,0,,0.0000,,,,,,0.0000
17,0,,0.0000,,,,,,0.0000
18,0,,0.0000,,,,,,0.0000
19,0,,0.0000,,,,,,0.0000
20,0,,0.0000,,,,,,0.0000
21,0,,0.0000,,,,,,0.0000
22,0,,0.0000,,,,,,0.0000
23,0,,0.0000,,,,,,0.0000
24,0,,0.0000,,,,,,0.0000
25,0,,0.0000,,,,,,0.0000
26,0,,0.0000,,,,,,0.0000
27,0,,0.0000,,,,,,0.0000
28,0,,0.0000,,,,,,0.0000
29,0,,0.0000,,,,,,0.0000
30,0,,0.0000,,,,,,0.0000
31,0,,0.0000,,,,,,0.0000
32,0,,0.0000,,,,,,0.0000
33,0,,0.0000,,,,,,0.0000
34,15,7185.9539,1.1583,0.1671,0.1674,0.8238,era3,0.4851,4.6331
35,9,5082.3114,0.8486,0.1399,0.1273,0.5815,era3,0.6365,3.3946
36,7,4361.4837,0.6560,0.0657,0.0912,0.4992,era3,0.0000,2.6240
37,0,,0.0000,,,,,,0.0000
38,0,,0.0000,,,,,,0.0000
39,0,,0.0000,,,,,,0.0000
40,0,,0.0000,,,,,,0.0000
41,0,,0.0000,,,,,,0.0000
42,0,,0.0000,,,,,,0.0000
43,0,,0.0000,,,,,,0.0000
44,0,,0.0000,,,,,,0.0000
45,0,,0.0000,,,,,,0.0000
46,0,,0.0000,,,,,,0.0000
47,0,,0.0000,,,,,,0.0000
48,0,,0.0000,,,,,,0.0000
49,0,,0.0000,,,,,,0.0000
50,0,,0.0000,,,,,,0.0000
51,0,,0.0000,,,,,,0.0000
52,0,,0.0000,,,,,,0.0000
53,0,,0.0000,,,,,,0.0000
54,0,,0.0000,,,,,,0.0000
55,0,,0.0000,,,,,,0.0000
56,0,,0.0000,,,,,,0.0000
57,0,,0.0000,,,,,,0.0000
58,0,,0.0000,,,,,,0.0000
59,0,,0.0000,,,,,,0.0000
60,0,,0.0000,,,,,,0.0000
61,0,,0.0000,,,,,,0.0000
62,0,,0.0000,,,,,,0.0000
63,0,,0.0000,,,,,,0.0000
64,0,,0.0000,,,,,,0.0000
65,0,,0.0000,,,,,,0.0000
66,0,,0.0000,,,,,,0.0000
67,0,,0.0000,,,,,,0.0000
68,0,,0.0000,,,,,,0.0000
69,0,,0.0000,,,,,,0.0000
70,0,,0.0000,,,,,,0.0000
71,0,,0.0000,,,,,,0.0000
72,0,,0.0000,,,,,,0.0000
73,0,,0.0000,,,,,,0.0000
74,0,,0.0000,,,,,,0.0000
75,1,1100.5018,0.1655,0.0166,0.0230,0.1260,era3,0.0000,0.6621
76,21,11161.0978,2.1510,0.5233,0.3514,1.2762,era2,0.6645,8.6038
77,33,13652.8805,2.5569,0.5842,0.4112,1.5613,era2,0.6134,10.2275
78,0,,0.0000,,,,,,0.0000
79,0,,0.0000,,,,,,0.0000
80,0,,0.0000,,,,,,0.0000
81,0,,0.0000,,,,,,0.0000
82,0,,0.0000,,,,,,0.0000
83,0,,0.0000,,,,,,0.0000
84,0,,0.0000,,,,,,0.0000
85,0,,0.0000,,,,,,0.0000
86,0,,0.0000,,,,,,0.0000
87,0,,0.0000,,,,,,0.0000
88,0,,0.0000,,,,,,0.0000
89,0,,0.0000,,,,,,0.0000
90,0,,0.0000,,,,,,0.0000
91,0,,0.0000,,,,,,0.0000
92,0,,0.0000,,,,,,0.0000
93,0,,0.0000,,,,,,0.0000
94,0,,0.0000,,,,,,0.0000
95,0,,0.0000,,,,,,0.0000
96,0,,0.0000,,,,,,0.0000
97,0,,0.0000,,,,,,0.0000
98,0,,0.0000,,,,,,0.0000
99,0,,0.0000,,,,,,0.0000
100,0,,0.0000,,,,,,0.0000
101,0,,0.0000,,,,,,0.0000
102,0,,0.0000,,,,,,0.0000
103,0,,0.0000,,,,,,0.0000
104,0,,0.0000,,,,,,0.0000
105,0,,0.0000,,,,,,0.0000
106,0,,0.0000,,,,,,0.0000
107,0,,0.0000,,,,,,0.0000
108,0,,0.0000,,,,,,0.0000
109,0,,0.0000,,,,,,0.0000
110,0,,0.0000,,,,,,0.0000
111,0,,0.0000,,,,,,0.0000
112,0,,0.0000,,,,,,0.0000
113,0,,0.0000,,,,,,0.0000
114,0,,0.0000,,,,,,0.0000
115,0,,0.0000,,,,,,0.0000
116,25,41814.5105,6.7475,0.9744,0.9885,4.7845,era3,0.5004,26.9900
117,46,49360.3946,8.6195,1.6424,1.3305,5.6464,era3,0.6779,34.4779
118,0,,0.0000,,,,,,0.0000
119,0,,0.0000,,,,,,0.0000
120,0,,0.0000,,,,,,0.0000
121,0,,0.0000,,,,,,0.0000
122,0,,0.0000,,,,,,0.0000
123,0,,0.0000,,,,,,0.0000
124,0,,0.0000,,,,,,0.0000
125,0,,0.0000,,,,,,0.0000
126,0,,0.0000,,,,,,0.0000
127,0,,0.0000,,,,,,0.0000
128,0,,0.0000,,,,,,0.0000
129,0,,0.0000,,,,,,0.0000
130,0,,0.0000,,,,,,0.0000
131,0,,0.0000,,,,,,0.0000
132,0,,0.0000,,,,,,0.0000
133,0,,0.0000,,,,,,0.0000
134,0,,0.0000,,,,,,0.0000
135,0,,0.0000,,,,,,0.0000
136,0,,0.0000,,,,,,0.0000
137,0,,0.0000,,,,,,0.0000
138,0,,0.0000,,,,,,0.0000
139,0,,0.0000,,,,,,0.0000
140,0,,0.0000,,,,,,0.0000
141,0,,0.0000,,,,,,0.0000
142,0,,0.0000,,,,,,0.0000
143,0,,0.0000,,,,,,0.0000
144,0,,0.0000,,,,,,0.0000
145,0,,0.0000,,,,,,0.0000
146,0,,0.0000,,,,,,0.0000
147,0,,0.0000,,,,,,0.0000
148,0,,0.0000,,,,,,0.0000
149,0,,0.0000,,,,,,0.0000
150,0,,0.0000,,,,,,0.0000
151,0,,0.0000,,,,,,0.0000
152,0,,0.0000,,,,,,0.0000
153,0,,0.0000,,,,,,0.0000
154,0,,0.0000,,,,,,0.0000
155,0,,0.0000,,,,,,0.0000
156,0,,0.0000,,,,,,0.0000
157,1,132099.1655,19.8690,1.9894,2.7609,15.1187,era3,0.0000,79.4761
158,25,37737.9921,6.4945,1.1862,0.9854,4.3228,era3,0.7474,25.9781
159,0,,0.0000,,,,,,0.0000
160,0,,0.0000,,,,,,0.0000
161,0,,0.0000,,,,,,0.0000
162,0,,0.0000,,,,,,0.0000
163,0,,0.0000,,,,,,0.0000
164,0,,0.0000,,,,,,0.0000
165,0,,0.0000,,,,,,0.0000
166,0,,0.0000,,,,,,0.0000
167,0,,0.0000,,,,,,0.0000
168,0,,0.0000,,,,,,0.0000
169,0,,0.0000,,,,,,0.0000
170,0,,0.0000,,,,,,0.0000
171,0,,0.0000,,,,,,0.0000
172,0,,0.0000,,,,,,0.0000
173,0,,0.0000,,,,,,0.0000
174,0,,0.0000,,,,,,0.0000
175,0,,0.0000,,,,,,0.0000
176,0,,0.0000,,,,,,0.0000
177,0,,0.0000,,,,,,0.0000
178,0,,0.0000,,,,,,0.0000
179,0,,0.0000,,,,,,0.0000
180,0,,0.0000,,,,,,0.0000
181,0,,0.0000,,,,,,0.0000
182,0,,0.0000,,,,,,0.0000
183,0,,0.0000,,,,,,0.0000
184,0,,0.0000,,,,,,0.0000
185,0,,0.0000,,,,,,0.0000
186,6,9526.5416,1.8055,0.4237,0.2923,1.0894,era2,0.6365,7.2219
187,10,23045.3376,3.4662,0.3471,0.4816,2.6375,era3,0.0000,13.8650
188,0,,0.0000,,,,,,0.0000
189,0,,0.0000,,,,,,0.0000
190,0,,0.0000,,,,,,0.0000
191,0,,0.0000,,,,,,0.0000
192,0,,0.0000,,,,,,0.0000
193,0,,0.0000,,,,,,0.0000
194,0,,0.0000,,,,,,0.0000
195,0,,0.0000,,,,,,0.0000
196,6,6708.9157,1.0091,0.1010,0.1402,0.7678,era3,0.0000,4.0364
197,2,2766.0225,0.4598,0.0746,0.0688,0.3165,era3,0.6931,1.8392
198,0,,0.0000,,,,,,0.0000
199,12,6950.7907,1.2430,0.2533,0.1947,0.7950,era3,0.6792,4.9722
200,38,50802.3901,7.6412,0.7651,1.0618,5.8143,era3,0.0000,30.5647
201,73,88324.0299,13.2848,1.3302,1.8460,10.1087,era3,0.0000,53.1393
202,0,,0.0000,,,,,,0.0000
203,0,,0.0000,,,,,,0.0000
204,0,,0.0000,,,,,,0.0000
205,0,,0.0000,,,,,,0.0000
206,0,,0.0000,,,,,,0.0000
207,0,,0.0000,,,,,,0.0000
208,0,,0.0000,,,,,,0.0000
209,0,,0.0000,,,,,,0.0000
210,0,,0.0000,,,,,,0.0000
211,0,,0.0000,,,,,,0.0000
212,0,,0.0000,,,,,,0.0000
213,0,,0.0000,,,,,,0.0000
214,0,,0.0000,,,,,,0.0000
215,0,,0.0000,,,,,,0.0000
216,0,,0.0000,,,,,,0.0000
217,0,,0.0000,,,,,,0.0000
218,0,,0.0000,,,,,,0.0000
219,0,,0.0000,,,,,,0.0000
220,0,,0.0000,,,,,,0.0000
221,0,,0.0000,,,,,,0.0000
222,0,,0.0000,,,,,,0.0000
223,0,,0.0000,,,,,,0.0000
224,0,,0.0000,,,,,,0.0000
225,0,,0.0000,,,,,,0.0000
226,0,,0.0000,,,,,,0.0000
227,16,98938.9360,17.3545,3.3503,2.6863,11.3175,era2,0.6931,69.4179
228,9,205073.6297,30.8451,3.0884,4.2860,23.4707,era3,0.0000,123.3805
229,0,,0.0000,,,,,,0.0000
230,0,,0.0000,,,,,,0.0000
231,0,,0.0000,,,,,,0.0000
232,0,,0.0000,,,,,,0.0000
233,0,,0.0000,,,,,,0.0000
234,0,,0.0000,,,,,,0.0000
235,0,,0.0000,,,,,,0.0000
236,0,,0.0000,,,,,,0.0000
237,1,1035.2707,0.2704,0.1031,0.0460,0.1213,era1,0.0000,1.0817
238,15,39846.9567,7.7270,1.9042,1.2664,4.5562,era2,0.6909,30.9081
239,14,13687.1299,2.7780,0.7472,0.4660,1.5647,era2,0.5196,11.1121
240,7,16232.4007,3.5466,1.0793,0.6034,1.8638,era2,0.7963,14.1866
241,16,73492.8453,11.0541,1.1068,1.5360,8.4113,era3,0.0000,44.2162
242,148,133205.1025,20.0354,2.0061,2.7840,15.2453,era3,0.0000,80.1415
243,0,,0.0000,,,,,,0.0000
244,0,,0.0000,,,,,,0.0000
245,0,,0.0000,,,,,,0.0000
246,0,,0.0000,,,,,,0.0000
247,0,,0.0000,,,,,,0.0000
248,0,,0.0000,,,,,,0.0000
249,0,,0.0000,,,,,,0.0000
250,0,,0.0000,,,,,,0.0000
251,0,,0.0000,,,,,,0.0000
252,0,,0.0000,,,,,,0.0000
253,0,,0.0000,,,,,,0.0000
254,0,,0.0000,,,,,,0.0000
255,0,,0.0000,,,,,,0.0000
256,0,,0.0000,,,,,,0.0000
257,0,,0.0000,,,,,,0.0000
258,0,,0.0000,,,,,,0.0000
259,0,,0.0000,,,,,,0.0000
260,0,,0.0000,,,,,,0.0000
261,0,,0.0000,,,,,,0.0000
262,0,,0.0000,,,,,,0.0000
263,0,,0.0000,,,,,,0.0000
264,0,,0.0000,,,,,,0.0000
265,0,,0.0000,,,,,,0.0000
266,0,,0.0000,,,,,,0.0000
267,0,,0.0000,,,,,,0.0000
268,9,79112.7911,12.7006,1.7942,1.8538,9.0525,era3,0.6365,50.8025
269,2,9121.9015,1.3720,0.1374,0.1906,1.0440,era3,0.0000,5.4881
270,6,97597.0653,14.6796,1.4698,2.0398,11.1700,era3,0.0000,58.7183
271,5,75763.4374,11.3956,1.1410,1.5835,8.6711,era3,0.0000,45.5823
272,0,,0.0000,,,,,,0.0000
273,0,,0.0000,,,,,,0.0000
274,30,359579.7412,54.0844,5.4153,7.5152,41.1539,era3,0.0000,216.3376
275,31,405771.6069,61.0321,6.1109,8.4806,46.4406,era3,0.0000,244.1284
276,9,124804.1103,18.7718,1.8795,2.6084,14.2838,era3,0.0000,75.0871
277,7,10334.2005,1.5544,0.1556,0.2160,1.1827,era3,0.0000,6.2175
278,2,2951.4508,0.6240,0.1799,0.1067,0.3374,era2,0.0000,2.4961
279,21,43802.6250,7.1890,1.1115,1.0657,5.0117,era3,0.6645,28.7560
280,40,60391.1101,11.2042,2.5048,1.7925,6.9065,era3,0.6919,44.8168
281,13,17589.1114,2.6456,0.2649,0.3676,2.0131,era3,0.0000,10.5823
282,41,176251.5947,29.1381,4.6312,4.3409,20.1655,era3,0.6905,116.5523
283,52,197150.8125,29.8862,3.1442,4.1787,22.5633,era3,0.3165,119.5449
284,0,,0.0000,,,,,,0.0000
285,0,,0.0000,,,,,,0.0000
286,0,,0.0000,,,,,,0.0000
287,0,,0.0000,,,,,,0.0000
288,0,,0.0000,,,,,,0.0000
289,0,,0.0000,,,,,,0.0000
290,0,,0.0000,,,,,,0.0000
291,0,,0.0000,,,,,,0.0000
292,0,,0.0000,,,,,,0.0000
293,0,,0.0000,,,,,,0.0000
294,0,,0.0000,,,,,,0.0000
295,0,,0.0000,,,,,,0.0000
296,0,,0.0000,,,,,,0.0000
297,0,,0.0000,,,,,,0.0000
298,0,,0.0000,,,,,,0.0000
299,0,,0.0000,,,,,,0.0000
300,0,,0.0000,,,,,,0.0000
301,0,,0.0000,,,,,,0.0000
302,0,,0.0000,,,,,,0.0000
303,0,,0.0000,,,,,,0.0000
304,0,,0.0000,,,,,,0.0000
305,0,,0.0000,,,,,,0.0000
306,0,,0.0000,,,,,,0.0000
307,0,,0.0000,,,,,,0.0000
308,0,,0.0000,,,,,,0.0000
309,7,23736.5600,3.9012,0.6064,0.5789,2.7158,era3,0.5983,15.6046
310,13,227921.7965,34.4803,3.5819,4.8132,26.0852,era3,0.2712,137.9212
311,22,153034.3366,24.6913,3.5635,3.6169,17.5107,era3,0.3046,98.7653
312,3,174743.1351,26.2831,2.6316,3.6521,19.9994,era3,0.0000,105.1325
313,0,,0.0000,,,,,,0.0000
314,0,,0.0000,,,,,,0.0000
315,57,369522.3838,56.4838,6.2449,7.9491,42.2896,era3,0.2541,225.9351
316,30,667848.3016,100.7675,10.2958,14.0372,76.4345,era3,0.1461,403.0699
317,39,398347.4266,59.9154,5.9991,8.3255,45.5909,era3,0.0000,239.6617
318,0,,0.0000,,,,,,0.0000
319,0,,0.0000,,,,,,0.0000
320,6,15492.0816,2.8280,0.6078,0.4483,1.7718,era2,0.6365,11.3120
321,11,26736.4720,5.5391,1.5443,0.9383,3.0563,era2,0.4741,22.1564
322,32,55740.7320,11.3206,3.0484,1.8994,6.3723,era2,0.5253,45.2823
323,32,97701.7415,19.3156,4.9468,3.1974,11.1706,era3,0.6912,77.2625
324,18,23924.5076,3.7910,0.5051,0.5482,2.7377,era3,0.2146,15.1640
325,0,,0.0000,,,,,,0.0000
326,0,,0.0000,,,,,,0.0000
327,0,,0.0000,,,,,,0.0000
328,0,,0.0000,,,,,,0.0000
329,0,,0.0000,,,,,,0.0000
330,0,,0.0000,,,,,,0.0000
331,0,,0.0000,,,,,,0.0000
332,0,,0.0000,,,,,,0.0000
333,0,,0.0000,,,,,,0.0000
334,0,,0.0000,,,,,,0.0000
335,0,,0.0000,,,,,,0.0000
336,0,,0.0000,,,,,,0.0000
337,0,,0.0000,,,,,,0.0000
338,0,,0.0000,,,,,,0.0000
339,0,,0.0000,,,,,,0.0000
340,0,,0.0000,,,,,,0.0000
341,0,,0.0000,,,,,,0.0000
342,0,,0.0000,,,,,,0.0000
343,0,,0.0000,,,,,,0.0000
344,0,,0.0000,,,,,,0.0000
345,0,,0.0000,,,,,,0.0000
346,0,,0.0000,,,,,,0.0000
347,0,,0.0000,,,,,,0.0000
348,0,,0.0000,,,,,,0.0000
349,0,,0.0000,,,,,,0.0000
350,18,46257.9123,7.8867,1.3955,1.1991,5.2919,era3,0.6365,31.5468
351,31,117556.4751,17.6817,1.7704,2.4569,13.4543,era3,0.0000,70.7267
352,25,214162.0331,35.2900,5.5405,5.2457,24.5033,era3,0.5930,141.1600
353,3,348853.3203,52.4710,5.2537,7.2910,39.9263,era3,0.0000,209.8841
354,10,373384.8606,56.1608,5.6232,7.8037,42.7339,era3,0.0000,224.6433
355,11,288424.1752,43.3819,4.3437,6.0281,33.0101,era3,0.0000,173.5275
356,11,20783.3057,3.2352,0.3951,0.4617,2.3784,era3,0.4741,12.9409
357,16,411653.4018,61.9168,6.1995,8.6036,47.1137,era3,0.0000,247.6672
358,19,138221.2988,23.3414,4.0025,3.5215,15.8170,era3,0.8247,93.3656
359,0,,0.0000,,,,,,0.0000
360,0,,0.0000,,,,,,0.0000
361,1,4951.1323,0.7447,0.0746,0.1035,0.5667,era3,0.0000,2.9788
362,12,10932.8421,1.8704,0.3346,0.2850,1.2507,era3,0.6365,7.4815
363,47,50292.2265,8.8073,1.6923,1.3619,5.7529,era3,0.6655,35.2291
364,23,43261.3269,7.5614,1.4447,1.1679,4.9487,era2,0.5740,30.2455
365,22,26177.5172,4.1836,0.5795,0.6087,2.9954,era3,0.6255,16.7345
366,13,7478.6472,1.3847,0.3109,0.2116,0.8622,era3,0.6663,5.5390
367,26,51822.5003,7.7946,0.7804,1.0831,5.9311,era3,0.0000,31.1785
368,0,,0.0000,,,,,,0.0000
369,0,,0.0000,,,,,,0.0000
370,0,,0.0000,,,,,,0.0000
371,0,,0.0000,,,,,,0.0000
372,0,,0.0000,,,,,,0.0000
373,0,,0.0000,,,,,,0.0000
374,0,,0.0000,,,,,,0.0000
375,0,,0.0000,,,,,,0.0000
376,0,,0.0000,,,,,,0.0000
377,0,,0.0000,,,,,,0.0000
378,0,,0.0000,,,,,,0.0000
379,0,,0.0000,,,,,,0.0000
380,0,,0.0000,,,,,,0.0000
381,0,,0.0000,,,,,,0.0000
382,0,,0.0000,,,,,,0.0000
383,0,,0.0000,,,,,,0.0000
384,0,,0.0000,,,,,,0.0000
385,0,,0.0000,,,,,,0.0000
386,0,,0.0000,,,,,,0.0000
387,0,,0.0000,,,,,,0.0000
388,0,,0.0000,,,,,,0.0000
389,0,,0.0000,,,,,,0.0000
390,0,,0.0000,,,,,,0.0000
391,0,,0.0000,,,,,,0.0000
392,28,221179.2369,38.7073,7.4228,5.9830,25.3006,era3,0.6279,154.8290
393,30,125920.8724,22.1054,4.2776,3.4234,14.4039,era3,0.6365,88.4215
394,23,65072.0896,9.7875,0.9800,1.3600,7.4475,era3,0.0000,39.1500
395,14,125681.0453,18.9037,1.8928,2.6267,14.3842,era3,0.0000,75.6147
396,15,205841.5687,34.5682,5.8136,5.2043,23.5497,era3,0.6909,138.2727
397,0,,0.0000,,,,,,0.0000
398,1,2234.9409,0.3362,0.0337,0.0467,0.2558,era3,0.0000,1.3446
399,14,41698.0354,6.6840,0.9381,0.9746,4.7713,era3,0.4101,26.7362
400,35,87562.0536,13.2932,1.4112,1.8608,10.0212,era3,0.2190,53.1730
401,0,,0.0000,,,,,,0.0000
402,0,,0.0000,,,,,,0.0000
403,0,,0.0000,,,,,,0.0000
404,5,4897.8592,1.0356,0.2986,0.1771,0.5598,era2,0.0000,4.1422
405,0,,0.0000,,,,,,0.0000
406,4,10281.6396,2.0533,0.5361,0.3416,1.1755,era2,0.6931,8.2133
407,12,8458.9771,1.6494,0.4123,0.2667,0.9703,era3,1.0776,6.5977
408,19,9135.6264,1.5079,0.2397,0.2194,1.0488,era3,0.3365,6.0315
409,0,,0.0000,,,,,,0.0000
410,0,,0.0000,,,,,,0.0000
411,0,,0.0000,,,,,,0.0000
412,0,,0.0000,,,,,,0.0000
413,0,,0.0000,,,,,,0.0000
414,0,,0.0000,,,,,,0.0000
415,0,,0.0000,,,,,,0.0000
416,0,,0.0000,,,,,,0.0000
417,0,,0.0000,,,,,,0.0000
418,0,,0.0000,,,,,,0.0000
419,0,,0.0000,,,,,,0.0000
420,0,,0.0000,,,,,,0.0000
421,0,,0.0000,,,,,,0.0000
422,0,,0.0000,,,,,,0.0000
423,0,,0.0000,,,,,,0.0000
424,0,,0.0000,,,,,,0.0000
425,0,,0.0000,,,,,,0.0000
426,0,,0.0000,,,,,,0.0000
427,0,,0.0000,,,,,,0.0000
428,0,,0.0000,,,,,,0.0000
429,0,,0.0000,,,,,,0.0000
430,0,,0.0000,,,,,,0.0000
431,0,,0.0000,,,,,,0.0000
432,0,,0.0000,,,,,,0.0000
433,0,,0.0000,,,,,,0.0000
434,34,215394.9271,38.5858,7.9009,6.0417,24.6421,era2,0.8594,154.3431
435,2,25993.0384,5.4957,1.5845,0.9399,2.9710,era2,0.0000,21.9828
436,13,143000.8050,29.2198,7.9539,4.9171,16.3475,era2,0.2712,116.8791
437,35,210753.5838,41.6980,10.6950,6.9052,24.0962,era2,0.2925,166.7921
438,0,,0.0000,,,,,,0.0000
439,1,94.5713,0.0142,0.0014,0.0020,0.0108,era3,0.0000,0.0569
440,17,77799.7440,14.2017,3.0520,2.2512,8.8980,era3,0.6914,56.8067
441,14,23641.9652,3.5560,0.3560,0.4941,2.7058,era3,0.0000,14.2240
442,0,,0.0000,,,,,,0.0000
443,0,,0.0000,,,,,,0.0000
444,0,,0.0000,,,,,,0.0000
445,0,,0.0000,,,,,,0.0000
446,0,,0.0000,,,,,,0.0000
447,0,,0.0000,,,,,,0.0000
448,7,6293.9944,1.0173,0.1479,0.1492,0.7202,era3,0.5983,4.0694
449,26,29280.2504,5.6078,1.3465,0.9130,3.3482,era2,0.6663,22.4313
450,0,,0.0000,,,,,,0.0000
451,0,,0.0000,,,,,,0.0000
452,0,,0.0000,,,,,,0.0000
453,0,,0.0000,,,,,,0.0000
454,0,,0.0000,,,,,,0.0000
455,0,,0.0000,,,,,,0.0000
456,0,,0.0000,,,,,,0.0000
457,0,,0.0000,,,,,,0.0000
458,0,,0.0000,,,,,,0.0000
459,0,,0.0000,,,,,,0.0000
460,0,,0.0000,,,,,,0.0000
461,0,,0.0000,,,,,,0.0000
462,0,,0.0000,,,,,,0.0000
463,0,,0.0000,,,,,,0.0000
464,0,,0.0000,,,,,,0.0000
465,0,,0.0000,,,,,,0.0000
466,0,,0.0000,,,,,,0.0000
467,0,,0.0000,,,,,,0.0000
468,0,,0.0000,,,,,,0.0000
469,0,,0.0000,,,,,,0.0000
470,0,,0.0000,,,,,,0.0000
471,0,,0.0000,,,,,,0.0000
472,0,,0.0000,,,,,,0.0000
473,0,,0.0000,,,,,,0.0000
474,0,,0.0000,,,,,,0.0000
475,42,132381.4161,27.1066,7.4059,4.5661,15.1334,era2,0.4101,108.4263
476,25,66581.0630,14.0772,4.0588,2.4076,7.6102,era2,0.0000,56.3089
477,68,149829.3929,31.8046,9.2316,5.4389,17.1327,era2,0.1327,127.2185
478,23,184461.1300,34.0606,7.5288,5.4347,21.0961,era2,0.5236,136.2423
479,0,,0.0000,,,,,,0.0000
480,0,,0.0000,,,,,,0.0000
481,21,67549.7855,11.3799,1.9348,1.7168,7.7281,era3,0.6645,45.5195
482,3,12924.7947,2.0749,0.2931,0.3029,1.4789,era3,0.6365,8.2996
483,0,,0.0000,,,,,,0.0000
484,0,,0.0000,,,,,,0.0000
485,0,,0.0000,,,,,,0.0000
486,0,,0.0000,,,,,,0.0000
487,0,,0.0000,,,,,,0.0000
488,0,,0.0000,,,,,,0.0000
489,0,,0.0000,,,,,,0.0000
490,1,794.9246,0.1196,0.0120,0.0166,0.0910,era3,0.0000,0.4783
491,0,,0.0000,,,,,,0.0000
492,0,,0.0000,,,,,,0.0000
493,0,,0.0000,,,,,,0.0000
494,0,,0.0000,,,,,,0.0000
495,0,,0.0000,,,,,,0.0000
496,0,,0.0000,,,,,,0.0000
497,0,,0.0000,,,,,,0.0000
498,0,,0.0000,,,,,,0.0000
499,0,,0.0000,,,,,,0.0000
500,0,,0.0000,,,,,,0.0000
501,0,,0.0000,,,,,,0.0000
502,0,,0.0000,,,,,,0.0000
503,0,,0.0000,,,,,,0.0000
504,0,,0.0000,,,,,,0.0000
505,0,,0.0000,,,,,,0.0000
506,1,27324.5352,4.1099,0.4115,0.5711,3.1273,era3,0.0000,16.4395
507,1,31360.0406,4.7169,0.4723,0.6554,3.5892,era3,0.0000,18.8675
508,0,,0.0000,,,,,,0.0000
509,0,,0.0000,,,,,,0.0000
510,0,,0.0000,,,,,,0.0000
511,0,,0.0000,,,,,,0.0000
512,0,,0.0000,,,,,,0.0000
513,0,,0.0000,,,,,,0.0000
514,0,,0.0000,,,,,,0.0000
515,0,,0.0000,,,,,,0.0000
516,55,117974.2887,25.1199,7.3288,4.2954,13.4945,era2,0.1562,100.4795
517,127,278535.0620,60.5579,18.2739,10.3498,31.9313,era2,0.5174,242.2314
518,73,244374.7360,52.8936,15.8686,8.9721,28.0507,era2,0.7735,211.5746
519,47,201311.7175,40.3375,10.6097,6.6814,23.0449,era2,0.6476,161.3499
520,0,,0.0000,,,,,,0.0000
521,0,,0.0000,,,,,,0.0000
522,9,59673.6888,10.0983,1.7433,1.5280,6.8269,era3,0.6365,40.3934
523,1,742.9293,0.1571,0.0453,0.0269,0.0849,era2,0.0000,0.6283
524,0,,0.0000,,,,,,0.0000
525,0,,0.0000,,,,,,0.0000
526,0,,0.0000,,,,,,0.0000
527,0,,0.0000,,,,,,0.0000
528,0,,0.0000,,,,,,0.0000
529,0,,0.0000,,,,,,0.0000
530,15,40655.3074,6.1150,0.6123,0.8497,4.6530,era3,0.0000,24.4599
531,67,167365.6727,26.3924,3.4375,3.8028,19.1520,era3,0.3015,105.5698
532,0,,0.0000,,,,,,0.0000
533,0,,0.0000,,,,,,0.0000
534,0,,0.0000,,,,,,0.0000
535,0,,0.0000,,,,,,0.0000
536,0,,0.0000,,,,,,0.0000
537,0,,0.0000,,,,,,0.0000
538,0,,0.0000,,,,,,0.0000
539,0,,0.0000,,,,,,0.0000
540,0,,0.0000,,,,,,0.0000
541,0,,0.0000,,,,,,0.0000
542,0,,0.0000,,,,,,0.0000
543,0,,0.0000,,,,,,0.0000
544,0,,0.0000,,,,,,0.0000
545,0,,0.0000,,,,,,0.0000
546,0,,0.0000,,,,,,0.0000
547,3,5985.8890,1.2656,0.3649,0.2164,0.6842,era2,0.0000,5.0624
548,21,142143.2310,28.9073,7.8138,4.8162,16.2762,era2,0.5010,115.6293
549,0,,0.0000,,,,,,0.0000
550,0,,0.0000,,,,,,0.0000
551,0,,0.0000,,,,,,0.0000
552,0,,0.0000,,,,,,0.0000
553,0,,0.0000,,,,,,0.0000
554,0,,0.0000,,,,,,0.0000
555,0,,0.0000,,,,,,0.0000
556,0,,0.0000,,,,,,0.0000
557,11,35102.5995,8.3832,2.8864,1.4296,4.0669,era2,0.5860,33.5330
558,54,280729.4073,60.8270,18.2597,10.3853,32.1792,era2,0.6172,243.3080
559,63,382695.0817,88.2953,29.0875,14.9766,44.2276,era2,0.3574,353.1810
560,42,226307.0705,41.3369,8.8978,6.5549,25.8829,era2,0.6365,165.3474
561,0,,0.0000,,,,,,0.0000
562,0,,0.0000,,,,,,0.0000
563,1,1916.7276,0.2883,0.0289,0.0401,0.2194,era3,0.0000,1.1532
564,20,40191.5323,7.0556,1.3670,1.0870,4.6015,era3,0.8451,28.2226
565,0,,0.0000,,,,,,0.0000
566,0,,0.0000,,,,,,0.0000
567,0,,0.0000,,,,,,0.0000
568,0,,0.0000,,,,,,0.0000
569,0,,0.0000,,,,,,0.0000
570,0,,0.0000,,,,,,0.0000
571,120,177351.4575,27.0828,2.9818,3.7933,20.3077,era3,0.1169,108.3312
572,154,236862.9712,37.1234,4.6931,5.3248,27.1053,era3,0.3607,148.4935
573,0,,0.0000,,,,,,0.0000
574,0,,0.0000,,,,,,0.0000
575,0,,0.0000,,,,,,0.0000
576,0,,0.0000,,,,,,0.0000
577,0,,0.0000,,,,,,0.0000
578,0,,0.0000,,,,,,0.0000
579,0,,0.0000,,,,,,0.0000
580,0,,0.0000,,,,,,0.0000
581,0,,0.0000,,,,,,0.0000
582,0,,0.0000,,,,,,0.0000
583,0,,0.0000,,,,,,0.0000
584,0,,0.0000,,,,,,0.0000
585,0,,0.0000,,,,,,0.0000
586,0,,0.0000,,,,,,0.0000
587,0,,0.0000,,,,,,0.0000
588,0,,0.0000,,,,,,0.0000
589,32,43490.6508,6.8335,0.8746,0.9820,4.9768,era3,0.4334,27.3339
590,2,4050.1413,0.8563,0.2469,0.1465,0.4629,era2,0.0000,3.4253
591,21,7671.3820,1.5785,0.4350,0.2665,0.8769,era2,0.3145,6.3141
592,0,,0.0000,,,,,,0.0000
593,0,,0.0000,,,,,,0.0000
594,0,,0.0000,,,,,,0.0000
595,0,,0.0000,,,,,,0.0000
596,0,,0.0000,,,,,,0.0000
597,0,,0.0000,,,,,,0.0000
598,7,40137.3087,8.9695,2.8220,1.5319,4.6152,era1,0.5983,35.8778
599,42,114342.0246,23.6985,6.6357,3.9324,13.1295,era2,0.6668,94.7940
600,71,181962.1401,37.9763,10.7846,6.2310,20.9594,era2,0.9212,151.9052
601,32,117101.4321,24.5942,7.0222,4.1675,13.4034,era2,0.6150,98.3769
602,3,88570.6729,18.7265,5.3993,3.2027,10.1236,era2,0.0000,74.9060
603,4,107500.9016,16.3483,1.7537,2.2916,12.3030,era3,0.5623,65.3934
604,4,26949.3936,4.0535,0.4059,0.5632,3.0844,era3,0.0000,16.2138
605,35,63579.6228,10.5166,1.6778,1.5568,7.2818,era3,0.5824,42.0662
606,12,25734.1798,3.8707,0.3876,0.5378,2.9453,era3,0.0000,15.4827
607,12,22154.3165,3.6901,0.6028,0.5525,2.5347,era3,0.6365,14.7604
608,18,16854.2455,3.0583,0.6474,0.4831,1.9277,era3,0.6365,12.2330
609,2,2038.4564,0.3066,0.0307,0.0426,0.2333,era3,0.0000,1.2264
610,3,2450.8920,0.4554,0.1022,0.0729,0.2803,era3,0.6365,1.8217
611,14,32004.5846,5.9959,1.3712,0.9645,3.6600,era2,0.6518,23.9838
612,17,29845.1670,5.7069,1.3656,0.9283,3.4128,era3,0.6492,22.8275
613,34,152729.9624,23.4734,2.6772,3.3174,17.4787,era3,0.2984,93.8937
614,0,,0.0000,,,,,,0.0000
615,0,,0.0000,,,,,,0.0000
616,0,,0.0000,,,,,,0.0000
617,0,,0.0000,,,,,,0.0000
618,0,,0.0000,,,,,,0.0000
619,0,,0.0000,,,,,,0.0000
620,0,,0.0000,,,,,,0.0000
621,0,,0.0000,,,,,,0.0000
622,0,,0.0000,,,,,,0.0000
623,0,,0.0000,,,,,,0.0000
624,0,,0.0000,,,,,,0.0000
625,0,,0.0000,,,,,,0.0000
626,0,,0.0000,,,,,,0.0000
627,0,,0.0000,,,,,,0.0000
628,1,14966.7605,2.2512,0.2254,0.3128,1.7129,era3,0.0000,9.0046
629,12,64359.9386,13.3130,3.7017,2.2536,7.3571,era2,0.2868,53.2519
630,21,74663.4903,15.7861,4.5515,2.6998,8.5340,era2,0.0000,63.1444
631,67,126749.8652,28.8268,9.3100,4.8916,14.6240,era2,0.5866,115.3072
632,74,33874.5973,6.6838,1.7063,1.1016,3.8757,era2,0.5626,26.7354
633,0,,0.0000,,,,,,0.0000
634,0,,0.0000,,,,,,0.0000
635,0,,0.0000,,,,,,0.0000
636,0,,0.0000,,,,,,0.0000
637,0,,0.0000,,,,,,0.0000
638,0,,0.0000,,,,,,0.0000
639,15,41688.3934,9.6666,3.2032,1.6496,4.8134,era2,0.6730,38.6664
640,59,164233.8335,33.0632,8.7670,5.5076,18.7873,era2,0.6090,132.2528
641,61,160346.9275,32.9565,9.0733,5.5276,18.3542,era2,0.7143,131.8261
642,90,220283.6544,42.5528,10.4033,6.9597,25.1883,era2,0.5154,170.2113
643,19,100009.2928,15.1762,1.6068,2.1237,11.4457,era3,0.2062,60.7049
644,14,84355.3961,12.6879,1.2704,1.7630,9.6545,era3,0.0000,50.7516
645,25,53440.7947,8.7563,1.3451,1.2965,6.1145,era3,0.5004,35.0253
646,33,64479.1331,9.8671,1.0980,1.3898,7.3792,era3,0.1358,39.4685
647,26,42101.4396,7.0964,1.2087,1.0710,4.8166,era3,0.6172,28.3857
648,37,48810.4295,8.8145,1.8430,1.3885,5.5827,era3,0.6928,35.2578
649,32,59792.8242,9.7307,1.4551,1.4341,6.8415,era3,0.4826,38.9230
650,22,25076.7809,3.9084,0.4804,0.5583,2.8697,era3,0.3046,15.6337
651,15,20922.4699,3.6034,0.6585,0.5514,2.3935,era3,0.6365,14.4137
652,30,62302.3100,10.7895,2.0105,1.6392,7.1396,era3,0.7449,43.1578
653,34,50386.3720,8.4601,1.4219,1.2735,5.7646,era3,0.5456,33.8403
654,20,45027.6107,6.9945,0.8451,0.9966,5.1529,era3,0.4227,27.9782
655,0,,0.0000,,,,,,0.0000
656,0,,0.0000,,,,,,0.0000
657,0,,0.0000,,,,,,0.0000
658,0,,0.0000,,,,,,0.0000
659,0,,0.0000,,,,,,0.0000
660,0,,0.0000,,,,,,0.0000
661,0,,0.0000,,,,,,0.0000
662,0,,0.0000,,,,,,0.0000
663,0,,0.0000,,,,,,0.0000
664,5,11367.7603,1.8714,0.2928,0.2780,1.3006,era3,0.6730,7.4858
665,24,63704.0619,13.2363,3.7084,2.2454,7.2819,era2,0.2868,52.9454
666,23,39117.1225,8.5182,2.5769,1.4558,4.4852,era2,0.2954,34.0728
667,52,71414.4821,15.4078,4.5959,2.6240,8.1872,era2,0.4870,61.6311
668,0,,0.0000,,,,,,0.0000
669,18,55472.6937,10.6521,2.5719,1.7367,6.3432,era2,0.6870,42.6085
670,45,177147.7753,39.8029,12.6224,6.7972,20.3815,era2,0.6012,159.2116
671,48,197177.3234,41.3716,11.7856,7.0349,22.5493,era2,0.2021,165.4866
672,40,185634.8166,41.8735,13.3542,7.1502,21.3673,era2,0.5332,167.4941
673,5,14641.5978,3.2349,1.0006,0.5527,1.6814,era2,0.5004,12.9395
674,0,,0.0000,,,,,,0.0000
675,0,,0.0000,,,,,,0.0000
676,0,,0.0000,,,,,,0.0000
677,0,,0.0000,,,,,,0.0000
678,27,96763.6452,21.2621,6.5486,3.5426,11.1700,era1,1.0091,85.0483
679,6,38715.4190,7.5652,1.8934,1.2448,4.4267,era2,0.6365,30.2609
680,35,89519.0782,18.4788,5.1232,3.1136,10.2411,era2,0.4816,73.9151
681,58,126182.1754,23.2781,5.1397,3.6930,14.4447,era2,0.8137,93.1126
682,57,172983.3737,31.9675,7.1001,5.0340,19.8325,era3,0.9565,127.8699
683,81,167605.5792,31.2767,7.0879,5.0202,19.1675,era2,0.6523,125.1067
684,9,26126.2785,4.2939,0.6674,0.6371,2.9893,era3,0.5297,17.1755
685,10,16444.3950,2.4734,0.2477,0.3437,1.8821,era3,0.0000,9.8936
686,48,170996.6764,26.2171,2.9494,3.6982,19.5693,era3,0.3341,104.8685
687,44,180328.6211,27.1232,2.7157,3.7689,20.6386,era3,0.0000,108.4929
688,21,110035.7716,16.5505,1.6571,2.2997,12.5936,era3,0.0000,66.2019
689,6,16583.9351,2.4944,0.2498,0.3466,1.8980,era3,0.0000,9.9776
690,14,23312.6855,4.3201,0.9631,0.6907,2.6661,era3,0.6829,17.2802
691,4,12327.4565,1.8542,0.1857,0.2576,1.4109,era3,0.0000,7.4167
692,15,25873.7965,5.0460,1.2591,0.8254,2.9613,era2,0.8033,20.1840
693,22,43641.0544,9.0524,2.5315,1.5257,4.9948,era2,0.4851,36.2096
694,0,,0.0000,,,,,,0.0000
695,0,,0.0000,,,,,,0.0000
696,0,,0.0000,,,,,,0.0000
697,0,,0.0000,,,,,,0.0000
698,0,,0.0000,,,,,,0.0000
699,0,,0.0000,,,,,,0.0000
700,0,,0.0000,,,,,,0.0000
701,0,,0.0000,,,,,,0.0000
702,0,,0.0000,,,,,,0.0000
703,0,,0.0000,,,,,,0.0000
704,0,,0.0000,,,,,,0.0000
705,4,21220.1580,3.3441,0.4342,0.4816,2.4283,era3,0.6931,13.3762
706,14,32487.6461,5.5065,0.9557,0.8341,3.7167,era3,0.5983,22.0260
707,13,52500.8706,10.4926,2.7434,1.7465,6.0023,era2,0.5402,41.9703
708,20,92192.4786,17.2920,3.9650,2.7834,10.5430,era3,0.6474,69.1680
709,4,113226.5290,17.0304,1.7052,2.3664,12.9588,era3,0.0000,68.1216
710,42,212389.2497,44.2892,12.5140,7.4212,24.3521,era2,0.7139,177.1566
711,73,185821.6366,41.4626,13.0176,7.0758,21.3673,era2,0.6794,165.8504
712,58,137223.8075,29.9886,9.1224,5.1246,15.7401,era2,0.4597,119.9544
713,12,43953.3380,9.1208,2.5508,1.5432,5.0265,era2,0.8240,36.4833
714,0,,0.0000,,,,,,0.0000
715,0,,0.0000,,,,,,0.0000
716,0,,0.0000,,,,,,0.0000
717,0,,0.0000,,,,,,0.0000
718,0,,0.0000,,,,,,0.0000
719,6,46160.5886,9.7597,2.8139,1.6692,5.2762,era2,0.0000,39.0389
720,7,58518.0866,9.7740,1.6157,1.4557,6.7025,era2,0.7963,39.0959
721,5,80358.9976,14.1143,2.7353,2.1866,9.1921,era2,0.6730,56.4573
722,50,319769.0192,67.6082,19.6225,11.1157,36.8677,era2,0.9726,270.4329
723,41,192851.6287,40.4690,11.5397,6.8511,22.0764,era2,0.6033,161.8761
724,51,189348.6294,30.0258,4.0144,4.3440,21.6672,era3,0.5214,120.1033
725,11,166893.8152,25.9403,3.1436,3.6976,19.0989,era3,0.4741,103.7613
726,5,75965.6462,13.4982,2.7028,2.1059,8.6892,era3,0.5004,53.9927
727,3,12283.1466,1.8475,0.1850,0.2567,1.4058,era3,0.0000,7.3900
728,16,115386.7507,17.3553,1.7377,2.4116,13.2060,era3,0.0000,69.4213
729,30,104876.9327,15.7745,1.5794,2.1919,12.0032,era3,0.0000,63.0982
730,1,2733.2845,0.4111,0.0412,0.0571,0.3128,era3,0.0000,1.6445
731,1,1294.0797,0.1946,0.0195,0.0270,0.1481,era3,0.0000,0.7786
732,31,55461.2993,9.6931,1.8516,1.4970,6.3442,era3,0.6504,38.7725
733,9,19542.2733,3.2337,0.5158,0.4821,2.2359,era3,0.6365,12.9350
734,0,,0.0000,,,,,,0.0000
735,0,,0.0000,,,,,,0.0000
736,0,,0.0000,,,,,,0.0000
737,0,,0.0000,,,,,,0.0000
738,0,,0.0000,,,,,,0.0000
739,0,,0.0000,,,,,,0.0000
740,0,,0.0000,,,,,,0.0000
741,0,,0.0000,,,,,,0.0000
742,0,,0.0000,,,,,,0.0000
743,0,,0.0000,,,,,,0.0000
744,0,,0.0000,,,,,,0.0000
745,0,,0.0000,,,,,,0.0000
746,1,62891.9521,9.4596,0.9472,1.3144,7.1980,era3,0.0000,37.8383
747,22,147209.7847,25.5307,4.7661,3.9242,16.8398,era3,0.6765,102.1228
748,14,80772.2723,17.0324,4.8898,2.9094,9.2324,era2,0.2573,68.1298
749,7,89506.7637,18.0260,4.7805,3.0119,10.2328,era2,0.4101,72.1039
750,51,318299.7410,56.9981,11.6557,8.9339,36.4070,era2,0.4949,227.9924
751,33,90766.3279,19.2766,5.6119,3.2549,10.4090,era2,0.7595,77.1065
752,68,195473.2624,43.1243,13.3187,7.3379,22.4659,era2,0.6788,172.4972
753,27,63353.2579,14.0809,4.3947,2.4052,7.2803,era2,0.6365,56.3235
754,0,,0.0000,,,,,,0.0000
755,0,,0.0000,,,,,,0.0000
756,2,15394.8242,2.3155,0.2318,0.3218,1.7619,era3,0.0000,9.2621
757,1,2717.7534,0.5746,0.1657,0.0983,0.3106,era2,0.0000,2.2985
758,0,,0.0000,,,,,,0.0000
759,0,,0.0000,,,,,,0.0000
760,0,,0.0000,,,,,,0.0000
761,0,,0.0000,,,,,,0.0000
762,5,45209.1698,8.2856,1.7984,1.3164,5.1705,era2,0.6730,33.1426
763,40,111456.7240,26.2073,8.8593,4.4239,12.9230,era1,0.7534,104.8291
764,65,225686.7788,49.9260,15.4839,8.4918,25.9482,era2,0.7445,199.7040
765,52,140844.3471,29.7693,8.5879,5.0590,16.1210,era2,0.5360,119.0772
766,14,121038.5607,22.5269,5.0735,3.6104,13.8422,era2,0.6931,90.1077
767,6,55089.6227,8.5551,1.0321,1.2187,6.3043,era3,0.4506,34.2205
768,5,23218.6612,4.1688,0.8585,0.6544,2.6557,era2,0.6730,16.6751
769,10,21997.9821,3.3087,0.3313,0.4598,2.5177,era3,0.0000,13.2349
770,28,52547.2321,9.4459,1.9514,1.4839,6.0102,era3,0.6906,37.7834
771,1,1725.7135,0.3649,0.1052,0.0624,0.1972,era2,0.0000,1.4595
772,0,,0.0000,,,,,,0.0000
773,21,42892.5625,7.1221,1.1504,1.0642,4.9074,era3,0.4869,28.4883
774,0,,0.0000,,,,,,0.0000
775,0,,0.0000,,,,,,0.0000
776,0,,0.0000,,,,,,0.0000
777,0,,0.0000,,,,,,0.0000
778,0,,0.0000,,,,,,0.0000
779,0,,0.0000,,,,,,0.0000
780,0,,0.0000,,,,,,0.0000
781,0,,0.0000,,,,,,0.0000
782,0,,0.0000,,,,,,0.0000
783,0,,0.0000,,,,,,0.0000
784,0,,0.0000,,,,,,0.0000
785,0,,0.0000,,,,,,0.0000
786,0,,0.0000,,,,,,0.0000
787,42,114728.2112,24.9981,7.5800,4.2351,13.1819,era2,0.6992,99.9924
788,24,76197.7047,14.3158,3.2950,2.3065,8.7138,era2,0.6792,57.2632
789,5,35445.1876,7.4942,2.1607,1.2817,4.0514,era2,0.0000,29.9767
790,13,251924.4738,49.3997,12.4502,8.1431,28.8045,era2,0.5402,197.5987
791,83,159660.3887,34.0848,9.9874,5.8280,18.2678,era2,0.3912,136.3393
792,60,53361.6289,11.4251,3.3639,1.9534,6.1074,era2,0.3602,45.7005
793,10,44880.2909,9.4890,2.7359,1.6229,5.1298,era2,0.0000,37.9562
794,44,198948.3673,45.2339,14.5893,7.7226,22.9200,era2,0.6890,180.9357
795,66,101960.8879,21.6555,6.2915,3.7032,11.6597,era2,0.3046,86.6219
796,38,218291.8014,51.7228,17.6312,8.8220,25.2674,era1,0.6708,206.8913
797,22,135887.6834,30.5835,9.7375,5.1702,15.6746,era2,0.9667,122.3342
798,9,39300.0575,9.6325,3.4231,1.6417,4.5672,era1,0.5297,38.5299
799,2,12199.5117,2.5769,0.7419,0.4405,1.3944,era2,0.6931,10.3077
800,0,,0.0000,,,,,,0.0000
801,0,,0.0000,,,,,,0.0000
802,1,2427.7571,0.3652,0.0366,0.0507,0.2779,era3,0.0000,1.4606
803,1,3937.7724,0.5923,0.0593,0.0823,0.4507,era3,0.0000,2.3691
804,37,89836.2200,21.2056,7.1935,3.6172,10.3940,era2,0.6840,84.8225
805,74,191427.7353,49.7258,18.8530,8.4647,22.4062,era1,0.1697,198.9031
806,68,219505.2259,52.7071,18.3200,8.8158,25.5694,era1,0.9761,210.8284
807,17,222483.3788,38.2678,6.9684,5.8372,25.4614,era3,0.9238,153.0711
808,12,170645.1033,29.0353,5.1038,4.4089,19.5221,era2,0.6792,116.1411
809,4,51459.1924,7.9803,0.9557,1.1356,5.8889,era2,0.6931,31.9211
810,38,78101.3613,13.4426,2.4541,2.0474,8.9409,era3,0.7675,53.7706
811,38,165862.7817,31.3690,7.3283,5.0725,18.9672,era2,0.6708,125.4762
812,1,71862.8908,15.1940,4.3808,2.5986,8.2139,era2,0.0000,60.7759
813,15,30475.5156,5.7846,1.3622,0.9372,3.4850,era3,0.6909,23.1385
814,36,71453.0065,11.3244,1.5102,1.6377,8.1764,era3,0.3488,45.2977
815,0,,0.0000,,,,,,0.0000
816,0,,0.0000,,,,,,0.0000
817,0,,0.0000,,,,,,0.0000
818,0,,0.0000,,,,,,0.0000
819,0,,0.0000,,,,,,0.0000
820,0,,0.0000,,,,,,0.0000
821,0,,0.0000,,,,,,0.0000
822,0,,0.0000,,,,,,0.0000
823,0,,0.0000,,,,,,0.0000
824,0,,0.0000,,,,,,0.0000
825,0,,0.0000,,,,,,0.0000
826,0,,0.0000,,,,,,0.0000
827,0,,0.0000,,,,,,0.0000
828,10,58701.1697,9.6861,1.5286,1.4411,6.7162,era2,0.6109,38.7444
829,25,16929.2259,3.9017,1.2833,0.6624,1.9558,era2,0.8300,15.6070
830,20,67948.9244,14.3009,4.1063,2.3942,7.7997,era2,0.8865,57.2035
831,28,142407.3662,29.5955,8.2947,5.0210,16.2784,era2,0.2573,118.3819
832,24,246738.1541,47.6212,11.6419,7.7134,28.2643,era2,0.7924,190.4848
833,45,296837.0361,60.4775,16.4156,10.0336,34.0260,era2,0.6277,241.9100
834,1,1849.0480,0.3909,0.1127,0.0669,0.2113,era2,0.0000,1.5638
835,3,1659.7084,0.3509,0.1012,0.0600,0.1897,era2,0.6365,1.4037
836,2,25417.3849,5.3740,1.5494,0.9191,2.9052,era2,0.0000,21.4960
837,35,110985.5824,26.0807,8.7960,4.4493,12.8343,era2,0.5375,104.3228
838,17,54725.1648,10.8976,2.8474,1.7503,6.2996,era3,0.9560,43.5905
839,28,220708.8002,52.4861,17.9745,8.9515,25.5580,era2,0.6829,209.9446
840,12,35534.4949,7.0874,1.8460,1.1785,4.0626,era2,0.2868,28.3495
841,2,1569.9899,0.2866,0.0616,0.0454,0.1796,era2,0.6931,1.1464
842,1,3468.1746,0.9059,0.3455,0.1542,0.4062,era1,0.0000,3.6237
843,44,115620.9305,24.6026,7.1798,4.1732,13.2484,era2,0.5764,98.4103
844,9,50513.8781,10.6801,3.0793,1.8266,5.7737,era2,0.0000,42.7206
845,36,86730.1126,19.8570,6.4718,3.3730,10.0114,era2,0.7321,79.4280
846,22,137546.5480,35.3590,13.2588,6.0204,16.0784,era1,0.5860,141.4360
847,64,242286.7890,57.3250,19.5047,9.7779,28.0401,era2,0.6435,229.3002
848,26,103188.1517,20.0414,4.9579,3.2761,11.8067,era2,0.8284,80.1658
849,8,54710.6609,11.5675,3.3352,1.9783,6.2534,era2,0.0000,46.2699
850,8,11419.1521,2.6634,0.8895,0.4544,1.3194,era2,0.6931,10.6538
851,13,66254.0792,11.7290,2.3244,1.8258,7.5784,era3,0.6902,46.9158
852,50,154404.0255,25.9567,4.3810,3.9105,17.6648,era3,0.6410,103.8268
853,7,21051.3867,4.0312,0.9676,0.6563,2.4072,era2,0.6829,16.1250
854,7,8680.4075,1.7416,0.4587,0.2905,0.9924,era2,0.4101,6.9664
855,3,4606.6278,0.6929,0.0694,0.0963,0.5272,era3,0.0000,2.7715
856,1,68.1799,0.0144,0.0042,0.0025,0.0078,era2,0.0000,0.0577
857,0,,0.0000,,,,,,0.0000
858,0,,0.0000,,,,,,0.0000
859,0,,0.0000,,,,,,0.0000
860,0,,0.0000,,,,,,0.0000
861,0,,0.0000,,,,,,0.0000
862,0,,0.0000,,,,,,0.0000
863,0,,0.0000,,,,,,0.0000
864,0,,0.0000,,,,,,0.0000
865,0,,0.0000,,,,,,0.0000
866,0,,0.0000,,,,,,0.0000
867,0,,0.0000,,,,,,0.0000
868,0,,0.0000,,,,,,0.0000
869,0,,0.0000,,,,,,0.0000
870,0,,0.0000,,,,,,0.0000
871,0,,0.0000,,,,,,0.0000
872,0,,0.0000,,,,,,0.0000
873,2,14514.3556,3.4496,1.1805,0.5883,1.6806,era1,0.6931,13.7986
874,14,88186.4583,18.5841,5.3643,3.0549,10.1643,era2,1.0609,74.3366
875,0,,0.0000,,,,,,0.0000
876,0,,0.0000,,,,,,0.0000
877,3,7353.4703,1.3790,0.3161,0.2220,0.8409,era2,0.6365,5.5160
878,1,7342.5090,1.1044,0.1106,0.1535,0.8404,era3,0.0000,4.4175
879,3,762.5649,0.1147,0.0115,0.0159,0.0873,era3,0.0000,0.4588
880,10,45788.1744,10.5541,3.4691,1.8013,5.2832,era2,0.6931,42.2164
881,21,75904.3398,15.6105,4.3037,2.6145,8.6917,era2,0.7091,62.4419
882,6,68815.7938,15.2128,4.7240,2.5500,7.9381,era1,1.0114,60.8511
883,26,383194.0667,95.3097,34.4777,16.1617,44.6666,era1,0.7664,381.2388
884,81,350973.4127,88.1802,32.2449,15.0211,40.9107,era1,0.3224,352.7209
885,50,109367.5491,27.2294,9.8647,4.6056,12.7581,era1,0.5342,108.9177
886,32,102666.1401,24.0623,8.0874,4.1052,11.8687,era1,0.6912,96.2491
887,44,199757.5788,43.5833,13.2243,7.4481,22.9090,era2,0.3046,174.3334
888,30,92327.4906,21.1380,6.8839,3.6082,10.6450,era2,0.6365,84.5522
889,24,607532.7872,142.6722,48.0770,24.3396,70.2495,era2,0.6897,570.6887
890,1,30500.2213,6.4487,1.8593,1.1029,3.4862,era2,0.0000,25.7946
891,7,81635.8269,18.7749,6.1525,3.2045,9.4171,era1,0.6829,75.0995
892,0,,0.0000,,,,,,0.0000
893,34,234093.9302,47.1166,12.4817,7.8702,26.7628,era2,0.6652,188.4663
894,35,89622.8793,16.3316,3.4946,2.5862,10.2503,era2,0.6429,65.3264
895,3,9285.7427,1.7649,0.4168,0.2862,1.0618,era2,0.6365,7.0595
896,31,107726.1295,20.5977,4.9280,3.3505,12.3185,era2,0.4418,82.3907
897,0,,0.0000,,,,,,0.0000
898,0,,0.0000,,,,,,0.0000
899,0,,0.0000,,,,,,0.0000
900,0,,0.0000,,,,,,0.0000
901,0,,0.0000,,,,,,0.0000
902,0,,0.0000,,,,,,0.0000
903,0,,0.0000,,,,,,0.0000
904,0,,0.0000,,,,,,0.0000
905,0,,0.0000,,,,,,0.0000
906,0,,0.0000,,,,,,0.0000
907,0,,0.0000,,,,,,0.0000
908,0,,0.0000,,,,,,0.0000
909,0,,0.0000,,,,,,0.0000
910,0,,0.0000,,,,,,0.0000
911,0,,0.0000,,,,,,0.0000
912,0,,0.0000,,,,,,0.0000
913,0,,0.0000,,,,,,0.0000
914,0,,0.0000,,,,,,0.0000
915,0,,0.0000,,,,,,0.0000
916,0,,0.0000,,,,,,0.0000
917,0,,0.0000,,,,,,0.0000
918,0,,0.0000,,,,,,0.0000
919,0,,0.0000,,,,,,0.0000
920,0,,0.0000,,,,,,0.0000
921,0,,0.0000,,,,,,0.0000
922,0,,0.0000,,,,,,0.0000
923,0,,0.0000,,,,,,0.0000
924,0,,0.0000,,,,,,0.0000
925,0,,0.0000,,,,,,0.0000
926,1,59.1736,0.0155,0.0059,0.0026,0.0069,era1,0.0000,0.0618
927,4,75492.6854,16.2385,4.8172,2.7760,8.6446,era2,0.5623,64.9540
928,17,140177.2485,29.6377,8.5452,5.0688,16.0223,era2,0.0000,118.5507
929,30,551142.7119,141.5759,53.0665,24.0320,64.4720,era1,0.9730,566.3034
930,20,43902.2788,9.6063,2.9391,1.6029,5.0639,era1,0.8979,38.4253
931,2,80397.1612,21.0005,8.0084,3.5745,9.4169,era1,0.0000,84.0022
932,5,134187.1058,28.3712,8.1800,4.8522,15.3376,era2,0.0000,113.4847
933,19,515408.2590,94.0794,20.2905,14.6569,59.1297,era2,0.8570,376.3176
934,0,,0.0000,,,,,,0.0000
935,0,,0.0000,,,,,,0.0000
936,0,,0.0000,,,,,,0.0000
937,0,,0.0000,,,,,,0.0000
938,0,,0.0000,,,,,,0.0000
939,0,,0.0000,,,,,,0.0000
940,0,,0.0000,,,,,,0.0000
941,0,,0.0000,,,,,,0.0000
942,0,,0.0000,,,,,,0.0000
943,0,,0.0000,,,,,,0.0000
944,0,,0.0000,,,,,,0.0000
945,0,,0.0000,,,,,,0.0000
946,0,,0.0000,,,,,,0.0000
947,0,,0.0000,,,,,,0.0000
948,0,,0.0000,,,,,,0.0000
949,0,,0.0000,,,,,,0.0000
950,0,,0.0000,,,,,,0.0000
951,0,,0.0000,,,,,,0.0000
952,0,,0.0000,,,,,,0.0000
953,0,,0.0000,,,,,,0.0000
954,1,354.4720,0.0749,0.0216,0.0128,0.0405,era2,0.0000,0.2998
955,21,30394.3813,6.9089,2.2275,1.1795,3.5015,era2,0.4101,27.6356
956,16,51722.6381,11.5476,3.6281,1.9723,5.9467,era2,0.4826,46.1902
957,1,2757.7203,0.5831,0.1681,0.0997,0.3152,era2,0.0000,2.3323
958,0,,0.0000,,,,,,0.0000
959,0,,0.0000,,,,,,0.0000
960,0,,0.0000,,,,,,0.0000
961,0,,0.0000,,,,,,0.0000
962,0,,0.0000,,,,,,0.0000
963,0,,0.0000,,,,,,0.0000
964,0,,0.0000,,,,,,0.0000
965,0,,0.0000,,,,,,0.0000
966,0,,0.0000,,,,,,0.0000
967,0,,0.0000,,,,,,0.0000
968,0,,0.0000,,,,,,0.0000
969,0,,0.0000,,,,,,0.0000
970,0,,0.0000,,,,,,0.0000
971,6,61908.3034,14.5084,4.8766,2.4725,7.1587,era2,0.8676,58.0337
972,19,177710.4647,37.3397,10.7453,6.0650,20.5282,era3,1.0172,149.3588
973,7,13552.5691,2.9116,0.8620,0.4978,1.5517,era2,0.4101,11.6463
974,4,109796.6407,19.2175,3.6867,2.9707,12.5596,era3,0.5623,76.8699
975,0,,0.0000,,,,,,0.0000
976,0,,0.0000,,,,,,0.0000
977,0,,0.0000,,,,,,0.0000
978,0,,0.0000,,,,,,0.0000
979,0,,0.0000,,,,,,0.0000
980,0,,0.0000,,,,,,0.0000
981,0,,0.0000,,,,,,0.0000
982,0,,0.0000,,,,,,0.0000
983,0,,0.0000,,,,,,0.0000
984,0,,0.0000,,,,,,0.0000
985,0,,0.0000,,,,,,0.0000
986,0,,0.0000,,,,,,0.0000
987,0,,0.0000,,,,,,0.0000
988,0,,0.0000,,,,,,0.0000
989,0,,0.0000,,,,,,0.0000
990,0,,0.0000,,,,,,0.0000
991,0,,0.0000,,,,,,0.0000
992,0,,0.0000,,,,,,0.0000
993,11,72844.0530,17.7581,6.2816,2.9880,8.4878,era1,0.9949,71.0323
994,74,149343.6703,30.2882,8.1723,4.9514,17.1634,era2,1.0051,121.1526
995,86,170404.8329,37.4379,11.4820,6.3968,19.5574,era2,0.4041,149.7515
996,33,67331.1261,15.4062,5.0132,2.6298,7.7625,era2,0.5860,61.6250
997,28,50671.1447,11.9134,4.0237,2.0218,5.8674,era1,0.7897,47.6537
998,47,102909.8737,24.5350,8.4388,4.1513,11.9439,era1,0.8203,98.1399
999,9,65615.5069,15.6120,5.3500,2.6626,7.5987,era1,0.3488,62.4478
1000,4,28028.5388,7.3213,2.7919,1.2461,3.2830,era1,0.0000,29.2853
1001,2,38373.9594,10.0237,3.8224,1.7061,4.4947,era1,0.0000,40.0946
1002,34,57709.1573,15.0742,5.7484,2.5657,6.7595,era1,0.0000,60.2968
1003,14,112622.4712,29.4181,11.2183,5.0072,13.1915,era1,0.0000,117.6725
1004,15,1093993.8172,285.7621,108.9727,48.6390,128.1395,era1,0.0000,1143.0485
1005,11,23883.7390,6.1643,2.3213,1.0495,2.7933,era1,0.4741,24.6573
1006,29,182222.2466,47.5983,18.1512,8.1016,21.3437,era1,0.0000,190.3931
1007,4,17218.3084,4.4976,1.7151,0.7655,2.0168,era1,0.0000,17.9904
1008,7,26678.9573,6.9688,2.6575,1.1861,3.1249,era1,0.0000,27.8752
1009,1,5806.2990,1.5167,0.5784,0.2581,0.6801,era1,0.0000,6.0667
1010,0,,0.0000,,,,,,0.0000
1011,0,,0.0000,,,,,,0.0000
1012,0,,0.0000,,,,,,0.0000
1013,0,,0.0000,,,,,,0.0000
1014,0,,0.0000,,,,,,0.0000
1015,0,,0.0000,,,,,,0.0000
1016,0,,0.0000,,,,,,0.0000
1017,0,,0.0000,,,,,,0.0000
1018,0,,0.0000,,,,,,0.0000
1019,0,,0.0000,,,,,,0.0000
1020,0,,0.0000,,,,,,0.0000
1021,0,,0.0000,,,,,,0.0000
1022,0,,0.0000,,,,,,0.0000
1023,0,,0.0000,,,,,,0.0000
1024,0,,0.0000,,,,,,0.0000
1025,0,,0.0000,,,,,,0.0000
1026,0,,0.0000,,,,,,0.0000
1027,0,,0.0000,,,,,,0.0000
1028,0,,0.0000,,,,,,0.0000
1029,0,,0.0000,,,,,,0.0000
1030,0,,0.0000,,,,,,0.0000
1031,0,,0.0000,,,,,,0.0000
1032,0,,0.0000,,,,,,0.0000
1033,7,20720.3051,4.6794,1.4949,0.7990,2.3853,era2,0.5983,18.7177
1034,20,67733.8743,17.1277,6.3082,2.9172,7.9015,era1,0.3251,68.5107
1035,84,204233.1176,51.6855,19.0530,8.8030,23.8273,era1,0.4506,206.7419
1036,69,185109.0374,42.1783,13.6759,7.0944,21.4063,era1,0.9513,168.7131
1037,49,165552.8947,35.1609,10.2206,5.9931,18.9457,era2,0.3393,140.6438
1038,67,155290.2446,37.8661,13.3742,6.4545,18.0358,era1,0.6742,151.4642
1039,70,176141.1452,44.2852,16.2084,7.5368,20.5383,era1,0.4828,177.1407
1040,4,12924.1471,3.3759,1.2874,0.5746,1.5138,era1,0.0000,13.5037
1041,30,45543.0487,11.8963,4.5365,2.0248,5.3345,era1,0.0000,47.5852
1042,47,74630.9726,19.4944,7.4340,3.3181,8.7415,era1,0.0000,77.9774
1043,56,81619.1219,21.3197,8.1301,3.6288,9.5600,era1,0.0000,85.2789
1044,33,72698.4211,18.9896,7.2415,3.2322,8.5152,era1,0.0000,75.9582
1045,29,150233.3032,39.2424,14.9647,6.6794,17.5968,era1,0.0000,156.9698
1046,32,320785.8178,83.3514,31.6110,14.1886,37.5486,era1,0.3768,333.4057
1047,176,253750.1087,65.8892,24.9711,11.2162,29.6994,era1,0.1292,263.5570
1048,24,42636.3466,10.6236,3.8483,1.8100,4.9648,era2,0.6792,42.4942
1049,62,194298.1795,50.7526,19.3540,8.6385,22.7581,era1,0.0000,203.0105
1050,27,191694.1689,50.0724,19.0947,8.5227,22.4531,era1,0.0000,200.2897
1051,0,,0.0000,,,,,,0.0000
1052,0,,0.0000,,,,,,0.0000
1053,0,,0.0000,,,,,,0.0000
1054,0,,0.0000,,,,,,0.0000
1055,0,,0.0000,,,,,,0.0000
1056,0,,0.0000,,,,,,0.0000
1057,0,,0.0000,,,,,,0.0000
1058,0,,0.0000,,,,,,0.0000
1059,0,,0.0000,,,,,,0.0000
1060,0,,0.0000,,,,,,0.0000
1061,0,,0.0000,,,,,,0.0000
1062,0,,0.0000,,,,,,0.0000
1063,0,,0.0000,,,,,,0.0000
1064,0,,0.0000,,,,,,0.0000
1065,0,,0.0000,,,,,,0.0000
1066,14,51778.2477,9.2811,1.9030,1.4556,5.9223,era3,0.6829,37.1245
1067,48,146333.1393,24.9453,4.4117,3.7924,16.7406,era3,0.6036,99.7810
1068,22,180715.7090,27.5686,3.0128,3.8738,20.6820,era3,0.3046,110.2746
1069,9,51947.8236,8.0802,0.9830,1.1524,5.9448,era3,0.3488,32.3207
1070,0,,0.0000,,,,,,0.0000
1071,0,,0.0000,,,,,,0.0000
1072,20,81629.2044,15.1858,3.4199,2.4223,9.3431,era2,0.8237,60.7430
1073,3,12282.5002,2.0219,0.3181,0.2938,1.4099,era1,1.0986,8.0874
1074,4,56718.7449,9.8625,1.8557,1.5184,6.4882,era3,0.6931,39.4502
1075,13,79065.7855,18.0058,5.8422,2.9995,9.1635,era1,1.0123,72.0230
1076,52,159956.4369,37.0099,12.2280,6.3160,18.4644,era2,0.6172,148.0398
1077,36,90907.5605,20.2492,6.3515,3.4204,10.4765,era2,0.8491,80.9968
1078,31,131852.9287,29.1061,8.9951,4.9604,15.1494,era2,0.5785,116.4244
1079,40,115940.2789,26.6976,8.7637,4.5566,13.3762,era2,0.6109,106.7905
1080,73,161290.2776,35.0238,10.5786,5.8817,18.5622,era2,0.9158,140.0952
1081,14,43959.7332,10.7549,3.8138,1.8331,5.1076,era1,0.5196,43.0198
1082,17,28268.6860,7.3841,2.8158,1.2568,3.3111,era1,0.0000,29.5363
1083,34,108966.0521,27.3065,9.9716,4.5987,12.7352,era1,0.1327,109.2261
1084,94,130262.8044,33.8531,12.8427,5.7578,15.2513,era1,0.1177,135.4124
1085,194,112731.3811,28.1586,10.2291,4.7973,13.1310,era1,0.6226,112.6343
1086,107,575775.1962,150.3982,57.3530,25.5990,67.4405,era1,0.0000,601.5930
1087,39,1410067.6570,367.9914,140.1988,62.6362,165.1423,era1,0.3307,1471.9657
1088,61,108974.2373,28.4652,10.8549,4.8450,12.7642,era1,0.0000,113.8606
1089,30,46672.3754,12.1913,4.6490,2.0751,5.4667,era1,0.0000,48.7652
1090,27,72025.4015,18.8138,7.1745,3.2022,8.4363,era1,0.0000,75.2550
1091,46,249926.4830,65.2833,24.8952,11.1117,29.2739,era1,0.0000,261.1332
1092,6,10267.6911,2.6820,1.0228,0.4565,1.2027,era1,0.0000,10.7281
1093,26,76428.1880,19.9638,7.6130,3.3980,8.9520,era1,0.0000,79.8552
1094,10,78401.4742,19.3010,6.8948,3.2893,9.1162,era2,0.6730,77.2041
1095,34,83433.1494,19.3396,6.4055,3.3003,9.6330,era2,0.6931,77.3585
1096,25,89454.6113,20.7658,6.8994,3.5157,10.3498,era1,0.9156,83.0631
1097,6,171375.7732,44.7651,17.0707,7.6194,20.0732,era1,0.0000,179.0603
1098,2,100278.2358,17.0155,2.9640,2.5791,11.4721,era2,0.6931,68.0620
1099,7,28193.1371,6.1249,1.8460,1.0468,3.2318,era2,0.4101,24.4994
1100,14,143458.9555,30.3032,8.7279,5.1667,16.4072,era2,0.6560,121.2129
1101,57,114921.9892,22.7273,5.8242,3.7628,13.1394,era2,0.5369,90.9093
1102,26,57496.9893,11.1300,2.7328,1.8224,6.5744,era2,0.1630,44.5199
1103,49,195845.8616,33.5774,6.0487,5.1236,22.4044,era2,0.4450,134.3097
1104,0,,0.0000,,,,,,0.0000
1105,0,,0.0000,,,,,,0.0000
1106,0,,0.0000,,,,,,0.0000
1107,23,41564.3438,7.1695,1.3163,1.0982,4.7548,era3,0.6145,28.6778
1108,8,18946.1493,2.8497,0.2853,0.3960,2.1684,era3,0.0000,11.3988
1109,8,54407.2433,9.1759,1.5660,1.3853,6.2245,era3,0.5623,36.7037
1110,7,59708.3715,9.2212,1.0801,1.3081,6.8330,era3,0.4101,36.8850
1111,0,,0.0000,,,,,,0.0000
1112,0,,0.0000,,,,,,0.0000
1113,18,168017.6676,31.2260,7.0094,5.0007,19.2150,era2,0.5908,124.9042
1114,8,87855.3300,14.3695,2.1921,2.1251,10.0522,era3,0.3768,57.4781
1115,12,132141.1166,20.5254,2.4790,2.9243,15.1220,era3,0.4506,82.1015
1116,5,62691.4477,13.2549,3.8217,2.2669,7.1656,era2,0.0000,53.0194
1117,19,67681.6416,15.9522,5.4009,2.7212,7.8294,era1,0.6918,63.8087
1118,60,144039.6574,33.6521,11.2634,5.7416,16.6455,era2,0.6657,134.6082
1119,67,176708.4770,37.5221,10.9345,6.2869,20.2992,era2,0.6846,150.0885
1120,81,224163.6515,52.4419,17.5836,8.9473,25.9088,era2,0.6710,209.7677
1121,82,204039.9066,49.0918,17.0664,8.3459,23.6776,era1,0.7799,196.3673
1122,12,23899.7580,6.0315,2.2166,1.0273,2.7874,era1,0.5623,24.1260
1123,3,89667.8355,23.4221,8.9318,3.9866,10.5028,era1,0.0000,93.6885
1124,5,147961.2662,36.5012,13.0789,6.1926,17.2282,era2,0.9503,146.0046
1125,81,361407.6474,94.4033,35.9998,16.0682,42.3317,era1,0.0000,377.6132
1126,118,282781.6253,68.8400,24.2660,11.7346,32.8365,era1,0.2696,275.3598
1127,264,277050.0866,72.3683,27.5970,12.3176,32.4509,era1,0.0000,289.4730
1128,134,1013283.5392,259.6269,97.0100,44.2081,118.3986,era1,0.0776,1038.5077
1129,22,133271.3234,34.5411,13.0650,5.8801,15.5947,era1,0.3046,138.1646
1130,11,41246.7607,10.7317,4.0757,1.8268,4.8288,era1,0.3046,42.9270
1131,7,13618.5043,3.5573,1.3565,0.6055,1.5951,era1,0.0000,14.2292
1132,12,1017388.6245,216.6405,63.2111,37.0446,116.3747,era1,0.4506,866.5621
1133,5,83288.8816,21.7559,8.2964,3.7030,9.7556,era1,0.0000,87.0236
1134,2,8019.7921,2.0948,0.7989,0.3566,0.9394,era1,0.0000,8.3794
1135,0,,0.0000,,,,,,0.0000
1136,31,188755.4634,48.5733,18.2339,8.2701,22.0673,era1,0.3179,194.2931
1137,28,149762.7960,37.0336,13.2983,6.3107,17.4231,era1,0.6279,148.1343
1138,2,17745.6512,3.1808,0.6521,0.4988,2.0297,era2,0.6931,12.7230
1139,1,44108.0677,9.3258,2.6888,1.5949,5.0416,era2,0.0000,37.3031
1140,22,48454.2563,8.0454,1.2995,1.2021,5.5437,era3,0.6765,32.1817
1141,4,93137.3910,18.6573,4.8993,3.1091,10.6481,era2,0.5623,74.6293
1142,8,45971.4998,8.1401,1.6142,1.2673,5.2584,era2,0.5623,32.5602
1143,2,24092.1030,5.0938,1.4687,0.8712,2.7537,era2,0.0000,20.3752
1144,0,,0.0000,,,,,,0.0000
1145,0,,0.0000,,,,,,0.0000
1146,0,,0.0000,,,,,,0.0000
1147,0,,0.0000,,,,,,0.0000
1148,0,,0.0000,,,,,,0.0000
1149,0,,0.0000,,,,,,0.0000
1150,22,88991.1583,13.9690,1.7794,2.0059,10.1836,era3,0.3983,55.8760
1151,11,50826.1597,8.0674,1.0834,1.1680,5.8160,era3,0.4741,32.2698
1152,29,83316.5654,16.3348,4.1155,2.6924,9.5262,era2,0.4012,65.3391
1153,25,86391.3762,14.7667,2.6344,2.2489,9.8831,era3,0.6269,59.0669
1154,20,85904.9046,14.8765,2.7715,2.2610,9.8437,era3,0.9265,59.5058
1155,26,139469.5943,26.1635,6.0102,4.1812,15.9714,era2,0.9110,104.6540
1156,31,175750.6536,38.8171,12.0139,6.5878,20.2138,era2,0.7417,155.2685
1157,23,158410.9085,32.0357,8.5658,5.3461,18.1225,era2,0.7393,128.1426
1158,26,97187.5732,18.5351,4.4181,2.9833,11.1331,era2,0.8828,74.1402
1159,51,150270.6969,29.8553,7.7453,4.8637,17.2453,era2,0.9797,119.4210
1160,60,183720.1692,46.2020,16.9230,7.8339,21.4433,era1,0.5814,184.8081
1161,72,151927.2644,34.6273,11.2182,5.8715,17.5361,era2,0.8146,138.5091
1162,11,47002.7203,11.1171,3.7809,1.8962,5.4395,era2,0.5860,44.4682
1163,28,152314.3438,37.9353,13.7351,6.4633,17.7354,era1,0.6906,151.7411
1164,12,242868.3578,61.3240,22.5495,10.4452,28.3269,era1,0.4506,245.2960
1165,0,,0.0000,,,,,,0.0000
1166,92,140678.1250,34.5869,12.3362,5.8945,16.3549,era1,0.6390,138.3475
1167,191,252137.6605,65.3344,24.7066,11.1223,29.5030,era1,0.2203,261.3374
1168,219,351354.0281,91.1698,34.5268,15.5199,41.1196,era1,0.2124,364.6793
1169,61,234676.0958,56.3898,19.5967,9.5019,27.2890,era1,0.6760,225.5590
1170,10,17743.8707,4.2761,1.4889,0.7291,2.0579,era1,0.6931,17.1045
1171,34,194372.8541,48.6222,17.7056,8.2373,22.6774,era1,0.6703,194.4888
1172,52,105154.2346,24.5121,8.2027,4.1041,12.2044,era1,0.4311,98.0483
1173,22,63086.3649,16.4788,6.2840,2.8048,7.3893,era1,0.0000,65.9152
1174,5,12394.1983,3.2375,1.2346,0.5510,1.4517,era1,0.0000,12.9500
1175,0,,0.0000,,,,,,0.0000
1176,0,,0.0000,,,,,,0.0000
1177,0,,0.0000,,,,,,0.0000
1178,0,,0.0000,,,,,,0.0000
1179,0,,0.0000,,,,,,0.0000
1180,0,,0.0000,,,,,,0.0000
1181,1,6.3247,0.0013,0.0004,0.0002,0.0007,era2,0.0000,0.0053
1182,3,157942.8540,23.7562,2.3786,3.3010,18.0766,era3,0.0000,95.0247
1183,8,29268.5715,4.4023,0.4408,0.6117,3.3498,era3,0.0000,17.6091
1184,0,,0.0000,,,,,,0.0000
1185,0,,0.0000,,,,,,0.0000
1186,0,,0.0000,,,,,,0.0000
1187,0,,0.0000,,,,,,0.0000
1188,0,,0.0000,,,,,,0.0000
1189,0,,0.0000,,,,,,0.0000
1190,0,,0.0000,,,,,,0.0000
1191,32,154354.5883,28.5479,6.3350,4.5593,17.6528,era3,0.4826,114.1918
1192,18,52362.3622,7.8758,0.7886,1.0944,5.9929,era3,0.0000,31.5033
1193,37,176409.5164,32.1630,6.8911,5.0947,20.1762,era3,0.5221,128.6521
1194,44,145136.9547,22.5268,2.7099,3.2076,16.6092,era3,0.3046,90.1071
1195,31,146367.8845,28.4229,7.0451,4.5896,16.7872,era2,1.0207,113.6917
1196,62,155626.9719,29.6817,7.0630,4.8216,17.7961,era2,0.6848,118.7268
1197,41,209853.3410,45.7021,13.8391,7.7707,24.0904,era2,0.7820,182.8086
1198,61,163896.5141,37.8944,12.5081,6.4670,18.9177,era2,0.6703,151.5776
1199,44,117699.0956,25.7585,7.8660,4.3569,13.5345,era2,0.8813,103.0339
1200,66,209731.0974,51.4251,18.2866,8.7538,24.3826,era1,0.7773,205.7003
1201,68,239465.5189,62.0215,23.4422,10.5584,28.0185,era1,0.2984,248.0861
1202,63,181072.2769,46.2462,17.2201,7.8751,21.1492,era1,0.4101,184.9849
1203,64,185630.8073,47.6362,17.8288,8.1110,21.6945,era1,0.3111,190.5446
1204,49,251413.2285,65.6716,25.0433,11.1778,29.4480,era1,0.0000,262.6866
1205,32,96912.7518,24.8517,9.2941,4.2316,11.3251,era1,0.4334,99.4068
1206,24,115208.1509,28.7864,10.4705,4.8717,13.4432,era1,0.4563,115.1456
1207,16,58254.7478,15.2167,5.8028,2.5900,6.8234,era1,0.0000,60.8669
1208,83,150071.8069,39.1726,14.9272,6.6676,17.5763,era1,0.0652,156.6903
1209,94,266066.3521,69.2681,26.3234,11.7908,31.1512,era1,0.1413,277.0723
1210,91,266269.6636,68.3093,25.5614,11.6195,31.1257,era1,0.2727,273.2374
1211,17,40680.3791,10.4819,3.9402,1.7846,4.7567,era1,0.2237,41.9276
1212,1,8605.7743,1.8195,0.5246,0.3112,0.9836,era2,0.0000,7.2781
1213,0,,0.0000,,,,,,0.0000
1214,2,91000.9437,23.7704,9.0646,4.0459,10.6589,era1,0.0000,95.0814
1215,8,46482.6026,10.3131,3.2104,1.7617,5.3405,era1,0.6931,41.2524
1216,28,61187.5792,15.2739,5.5445,2.6022,7.1266,era1,0.5623,61.0957
1217,10,43568.7825,9.9966,3.2728,1.6808,5.0427,era2,1.0889,39.9865
1218,16,35182.3953,8.7653,3.1748,1.4934,4.0968,era1,0.5623,35.0610
1219,1,6493.6077,1.6962,0.6468,0.2887,0.7606,era1,0.0000,6.7848
1220,0,,0.0000,,,,,,0.0000
1221,0,,0.0000,,,,,,0.0000
1222,0,,0.0000,,,,,,0.0000
1223,18,247616.0397,38.2754,4.5049,5.4331,28.3371,era3,0.4506,153.1014
1224,3,27979.9105,4.9334,0.9667,0.7661,3.2005,era3,0.6365,19.7335
1225,0,,0.0000,,,,,,0.0000
1226,0,,0.0000,,,,,,0.0000
1227,0,,0.0000,,,,,,0.0000
1228,0,,0.0000,,,,,,0.0000
1229,0,,0.0000,,,,,,0.0000
1230,0,,0.0000,,,,,,0.0000
1231,0,,0.0000,,,,,,0.0000
1232,32,96193.6067,17.0402,3.3831,2.6536,11.0030,era3,0.6853,68.1607
1233,7,42786.5311,6.4355,0.6444,0.8942,4.8969,era3,0.0000,25.7421
1234,81,130181.8761,22.7645,4.3554,3.5170,14.8915,era3,0.6802,91.0578
1235,32,107929.8735,16.2337,1.6254,2.2557,12.3526,era3,0.0000,64.9349
1236,22,129184.2907,26.9837,7.6760,4.4203,14.8865,era3,1.0671,107.9348
1237,49,154074.8880,29.4833,7.0684,4.7897,17.6242,era2,0.7363,117.9332
1238,18,98708.3855,21.2665,6.3443,3.5697,11.3517,era2,0.7778,85.0661
1239,14,79696.5081,17.5013,5.3638,2.9904,9.1463,era2,0.6518,70.0052
1240,31,119324.2886,24.3231,6.5969,4.0742,13.6510,era2,0.4571,97.2923
1241,34,150098.6444,31.7354,9.1500,5.4276,17.1563,era2,0.0000,126.9414
1242,70,163922.6680,36.3181,11.2873,6.1843,18.8449,era2,0.6438,145.2724
1243,52,321307.1875,83.2614,31.4874,14.1741,37.5968,era1,0.4293,333.0457
1244,87,211321.8745,53.6160,19.8204,9.1314,24.6621,era1,0.4012,214.4640
1245,79,201426.0098,51.0047,18.8142,8.6870,23.5015,era1,0.4471,204.0187
1246,105,227507.2599,58.1957,21.7059,9.9097,26.5779,era1,0.3554,232.7830
1247,111,251453.9569,64.8605,24.4092,11.0426,29.4061,era1,0.1837,259.4418
1248,111,256626.7092,67.0335,25.5626,11.4096,30.0587,era1,0.0000,268.1339
1249,116,248752.7839,64.9767,24.7783,11.0595,29.1364,era1,0.0000,259.9069
1250,87,249763.5896,64.6759,24.4404,11.0103,29.2227,era1,0.1095,258.7038
1251,53,155037.0385,39.6445,14.7812,6.7508,18.1110,era1,0.3532,158.5782
1252,5,4702.5513,1.2284,0.4684,0.2091,0.5508,era1,0.0000,4.9134
1253,0,,0.0000,,,,,,0.0000
1254,0,,0.0000,,,,,,0.0000
1255,0,,0.0000,,,,,,0.0000
1256,9,22358.8013,5.0855,1.6411,0.8682,2.5760,era2,0.3488,20.3420
1257,4,16539.3361,4.3202,1.6475,0.7353,1.9373,era1,0.0000,17.2810
1258,18,162279.3104,38.1234,12.8528,6.5037,18.7653,era1,0.6870,152.4937
1259,30,141888.4210,32.5622,10.6393,5.5580,16.3635,era2,0.6109,130.2490
1260,7,20716.9213,3.6401,0.7062,0.5640,2.3698,era2,0.6829,14.5604
1261,21,112912.4284,17.4926,2.0837,2.4873,12.9216,era3,0.3145,69.9705
1262,0,,0.0000,,,,,,0.0000
1263,0,,0.0000,,,,,,0.0000
1264,0,,0.0000,,,,,,0.0000
1265,0,,0.0000,,,,,,0.0000
1266,0,,0.0000,,,,,,0.0000
1267,0,,0.0000,,,,,,0.0000
1268,0,,0.0000,,,,,,0.0000
1269,0,,0.0000,,,,,,0.0000
1270,0,,0.0000,,,,,,0.0000
1271,0,,0.0000,,,,,,0.0000
1272,0,,0.0000,,,,,,0.0000
1273,12,70194.3757,14.6167,4.1102,2.4821,8.0238,era2,0.4506,58.4669
1274,6,160624.0041,25.4961,3.4244,3.6913,18.3801,era3,0.4506,101.9842
1275,15,117025.0031,21.3523,4.5964,3.3399,13.4155,era2,0.7299,85.4094
1276,3,94108.8876,19.7351,5.6733,3.1608,10.9005,era2,1.0986,78.9405
1277,11,78674.1911,13.2210,2.2331,1.9759,9.0118,era2,0.9165,52.8841
1278,18,43531.7104,8.6653,2.2485,1.4394,4.9770,era2,0.5297,34.6611
1279,0,,0.0000,,,,,,0.0000
1280,0,,0.0000,,,,,,0.0000
1281,1,19716.3343,2.9655,0.2969,0.4121,2.2565,era3,0.0000,11.8621
1282,20,104665.9686,23.0184,7.0706,3.9329,12.0139,era2,0.5623,92.0737
1283,50,204114.7100,52.1419,19.4197,8.8790,23.8412,era1,0.5930,208.5676
1284,18,27620.3133,7.2147,2.7513,1.2280,3.2352,era1,0.0000,28.8588
1285,81,173937.9167,43.4575,15.7911,7.4037,20.2610,era1,0.4792,173.8299
1286,96,263572.1691,66.6968,24.5844,11.3598,30.7499,era1,0.4826,266.7871
1287,96,217818.8223,54.9530,20.1880,9.3602,25.4026,era1,0.4506,219.8120
1288,120,212708.8449,54.8949,20.6702,9.3459,24.8767,era1,0.2868,219.5796
1289,130,232722.1549,60.7894,23.1815,10.3468,27.2587,era1,0.0000,243.1574
1290,52,284981.1257,74.4399,28.3870,12.6703,33.3798,era1,0.0000,297.7597
1291,29,91866.5891,23.9965,9.1508,4.0844,10.7603,era1,0.0000,95.9859
1292,47,142248.8880,36.4365,13.6101,6.2043,16.6207,era1,0.2374,145.7460
1293,0,,0.0000,,,,,,0.0000
1294,0,,0.0000,,,,,,0.0000
1295,0,,0.0000,,,,,,0.0000
1296,7,40427.2371,6.0807,0.6088,0.8449,4.6269,era3,0.0000,24.3226
1297,6,14365.4441,2.6250,0.5656,0.4163,1.6430,era3,0.6365,10.5000
1298,7,13537.0824,3.0929,1.0044,0.5280,1.5604,era2,0.5983,12.3717
1299,2,2481.1235,0.6481,0.2471,0.1103,0.2906,era1,0.0000,2.5924
1300,18,87129.5738,20.7305,7.1040,3.5355,10.0902,era1,0.6870,82.9221
1301,6,38096.2055,8.6010,2.7465,1.4687,4.3855,era2,0.6365,34.4041
1302,25,183717.4876,30.5422,4.9552,4.5673,21.0193,era3,0.5004,122.1690
1303,0,,0.0000,,,,,,0.0000
1304,0,,0.0000,,,,,,0.0000
1305,0,,0.0000,,,,,,0.0000
1306,0,,0.0000,,,,,,0.0000
1307,0,,0.0000,,,,,,0.0000
1308,0,,0.0000,,,,,,0.0000
1309,0,,0.0000,,,,,,0.0000
1310,0,,0.0000,,,,,,0.0000
1311,0,,0.0000,,,,,,0.0000
1312,0,,0.0000,,,,,,0.0000
1313,0,,0.0000,,,,,,0.0000
1314,21,97798.1352,19.1313,4.8129,3.1008,11.2169,era2,0.8788,76.5251
1315,3,330512.7733,58.2722,11.4198,9.0362,37.8148,era1,1.0986,233.0887
1316,2,4606.1191,0.9752,0.2818,0.1668,0.5266,era2,0.6931,3.9008
1317,0,,0.0000,,,,,,0.0000
1318,0,,0.0000,,,,,,0.0000
1319,0,,0.0000,,,,,,0.0000
1320,24,158409.7628,32.9396,9.2679,5.4960,18.1743,era2,0.8293,131.7582
1321,1,8592.9527,2.2446,0.8559,0.3820,1.0065,era1,0.0000,8.9783
1322,5,31558.0709,6.6517,1.9130,1.1198,3.6186,era2,0.9503,26.6070
1323,20,58830.6701,13.6261,4.5083,2.3253,6.7919,era2,0.6881,54.5045
1324,33,185978.6999,42.2809,13.6368,7.2123,21.4299,era2,0.6811,169.1235
1325,29,58309.8910,13.6337,4.5802,2.2842,6.7688,era1,0.6929,54.5350
1326,62,156600.0003,40.3053,15.1329,6.8624,18.3084,era1,0.3179,161.2213
1327,64,201803.6313,52.2488,19.7412,8.8948,23.6109,era1,0.2338,208.9952
1328,85,153202.3874,39.6437,14.9699,6.7490,17.9233,era1,0.2552,158.5750
1329,64,225655.3787,57.2534,21.1654,9.7509,26.3349,era1,0.1892,229.0136
1330,101,254407.5264,66.0200,25.0048,11.2386,29.7741,era1,0.3005,264.0801
1331,66,193405.8033,50.5195,19.2652,8.5988,22.6536,era1,0.0000,202.0781
1332,132,294824.3084,77.0111,29.3674,13.1079,34.5328,era1,0.0000,308.0442
1333,37,201649.3397,52.6728,20.0863,8.9653,23.6192,era1,0.0000,210.6913
1334,36,125237.7990,32.5659,12.3605,5.5435,14.6607,era1,0.2146,130.2637
1335,66,159177.5035,34.2643,10.1785,5.8510,18.2332,era2,0.4705,137.0573
1336,73,197125.5214,41.2041,11.6601,7.0095,22.5326,era2,0.1714,164.8165
1337,43,134038.0440,23.0719,4.2085,3.5294,15.3335,era3,0.5423,92.2875
1338,4,9990.9996,1.5913,0.2170,0.2309,1.1433,era3,0.5623,6.3650
1339,0,,0.0000,,,,,,0.0000
1340,9,38936.1862,10.1705,3.8784,1.7311,4.5606,era1,0.0000,40.6821
1341,49,192207.5117,48.0533,17.4740,8.1865,22.3909,era1,0.3718,192.2133
1342,24,114794.6611,23.3800,6.3481,3.8578,13.1733,era2,1.0506,93.5201
1343,12,70877.5278,12.6893,2.5948,1.9837,8.1105,era3,0.9184,50.7572
1344,0,,0.0000,,,,,,0.0000
1345,0,,0.0000,,,,,,0.0000
1346,0,,0.0000,,,,,,0.0000
1347,0,,0.0000,,,,,,0.0000
1348,0,,0.0000,,,,,,0.0000
1349,0,,0.0000,,,,,,0.0000
1350,0,,0.0000,,,,,,0.0000
1351,0,,0.0000,,,,,,0.0000
1352,0,,0.0000,,,,,,0.0000
1353,0,,0.0000,,,,,,0.0000
1354,0,,0.0000,,,,,,0.0000
1355,16,114094.6101,18.2806,2.5605,2.6646,13.0554,era2,0.6211,73.1224
1356,1,84878.5364,17.9459,5.1742,3.0692,9.7016,era2,0.0000,71.7835
1357,0,,0.0000,,,,,,0.0000
1358,0,,0.0000,,,,,,0.0000
1359,0,,0.0000,,,,,,0.0000
1360,0,,0.0000,,,,,,0.0000
1361,0,,0.0000,,,,,,0.0000
1362,2,5738.7874,1.2134,0.3498,0.2075,0.6559,era2,0.0000,4.8534
1363,15,44326.6693,9.2973,2.6663,1.5142,5.1165,era1,1.0852,37.1894
1364,41,101299.6203,22.0911,6.7048,3.7521,11.6333,era2,0.6033,88.3646
1365,10,36551.6631,8.5549,2.8701,1.4596,4.2249,era1,0.6931,34.2196
1366,35,77548.1090,17.0959,5.2941,2.8402,8.9609,era1,0.8617,68.3835
1367,35,60832.5273,14.3551,4.8677,2.4487,7.0380,era2,0.6829,57.4202
1368,64,146071.8084,34.9545,12.0739,5.9300,16.9493,era1,0.8395,139.8179
1369,38,100140.5152,23.1830,7.6722,3.9328,11.5770,era2,0.8961,92.7319
1370,34,88987.8197,20.7823,6.9524,3.5459,10.2832,era2,0.6058,83.1292
1371,24,209892.2515,46.0121,14.0641,7.8622,24.0836,era2,0.5623,184.0483
1372,20,80195.3144,20.4629,7.6118,3.4846,9.3657,era1,0.5004,81.8518
1373,13,28916.0680,7.4958,2.8358,1.2761,3.3837,era1,0.2712,29.9834
1374,23,86001.6849,19.9877,6.6436,3.4107,9.9326,era1,0.6693,79.9508
1375,39,118702.3040,29.3734,10.5562,5.0053,13.8108,era1,0.4706,117.4935
1376,36,168528.0505,37.5686,11.7771,6.4169,19.3729,era2,0.6365,150.2742
1377,66,153714.6661,31.3868,8.5331,5.2800,17.5723,era2,0.3693,125.5471
1378,41,102500.1863,21.2775,5.9520,3.6079,11.7167,era2,0.1949,85.1101
1379,0,,0.0000,,,,,,0.0000
1380,0,,0.0000,,,,,,0.0000
1381,0,,0.0000,,,,,,0.0000
1382,25,42915.9224,9.2700,2.7708,1.5767,4.9220,era2,0.6592,37.0799
1383,4,10330.3252,1.7206,0.2811,0.2576,1.1819,era2,0.6931,6.8825
1384,16,46867.4320,10.0689,2.9810,1.7214,5.3660,era2,0.4826,40.2755
1385,0,,0.0000,,,,,,0.0000
1386,0,,0.0000,,,,,,0.0000
1387,0,,0.0000,,,,,,0.0000
1388,0,,0.0000,,,,,,0.0000
1389,0,,0.0000,,,,,,0.0000
1390,0,,0.0000,,,,,,0.0000
1391,0,,0.0000,,,,,,0.0000
1392,0,,0.0000,,,,,,0.0000
1393,0,,0.0000,,,,,,0.0000
1394,0,,0.0000,,,,,,0.0000
1395,0,,0.0000,,,,,,0.0000
1396,28,167483.0780,35.2196,10.0658,6.0083,19.1438,era2,0.2573,140.8783
1397,0,,0.0000,,,,,,0.0000
1398,0,,0.0000,,,,,,0.0000
1399,0,,0.0000,,,,,,0.0000
1400,0,,0.0000,,,,,,0.0000
1401,0,,0.0000,,,,,,0.0000
1402,0,,0.0000,,,,,,0.0000
1403,0,,0.0000,,,,,,0.0000
1404,41,85361.3818,19.2959,6.1751,3.2859,9.8341,era1,0.7799,77.1835
1405,43,84307.2436,20.2535,7.0248,3.4534,9.7744,era1,0.6798,81.0138
1406,11,56024.4419,14.3616,5.3690,2.4454,6.5466,era1,0.6555,57.4462
1407,1,3188.1744,0.4795,0.0480,0.0666,0.3649,era3,0.0000,1.9181
1408,10,17449.0230,4.5579,1.7381,0.7758,2.0438,era1,0.0000,18.2314
1409,5,10498.6368,2.7423,1.0458,0.4668,1.2297,era1,0.0000,10.9694
1410,61,364083.8804,80.6363,25.0347,13.7752,41.8227,era2,0.6865,322.5451
1411,7,17542.3582,4.5019,1.6850,0.7665,2.0502,era1,0.4101,18.0076
1412,5,13282.3203,2.9234,0.8991,0.4995,1.5247,era2,0.5004,11.6938
1413,4,74495.0487,19.1764,7.2011,3.2650,8.7095,era1,0.5623,76.7055
1414,0,,0.0000,,,,,,0.0000
1415,0,,0.0000,,,,,,0.0000
1416,14,54080.5273,13.3926,4.8173,2.2821,6.2927,era1,0.2573,53.5705
1417,15,37763.5241,9.1798,3.2302,1.5648,4.3843,era1,0.6365,36.7191
1418,20,35481.5379,7.5461,2.2037,1.2682,4.0738,era2,0.7306,30.1844
1419,17,51074.4787,9.9727,2.4922,1.6403,5.8398,era2,0.2237,39.8908
1420,0,,0.0000,,,,,,0.0000
1421,0,,0.0000,,,,,,0.0000
1422,0,,0.0000,,,,,,0.0000
1423,1,9.4346,0.0020,0.0006,0.0003,0.0011,era2,0.0000,0.0080
1424,0,,0.0000,,,,,,0.0000
1425,0,,0.0000,,,,,,0.0000
1426,0,,0.0000,,,,,,0.0000
1427,0,,0.0000,,,,,,0.0000
1428,0,,0.0000,,,,,,0.0000
1429,0,,0.0000,,,,,,0.0000
1430,0,,0.0000,,,,,,0.0000
1431,0,,0.0000,,,,,,0.0000
1432,0,,0.0000,,,,,,0.0000
1433,0,,0.0000,,,,,,0.0000
1434,0,,0.0000,,,,,,0.0000
1435,0,,0.0000,,,,,,0.0000
1436,0,,0.0000,,,,,,0.0000
1437,3,34729.9522,6.1744,1.2381,0.9636,3.9725,era2,0.6365,24.6974
1438,1,14417.2061,3.0482,0.8789,0.5213,1.6479,era2,0.0000,12.1929
1439,0,,0.0000,,,,,,0.0000
1440,0,,0.0000,,,,,,0.0000
1441,0,,0.0000,,,,,,0.0000
1442,0,,0.0000,,,,,,0.0000
1443,0,,0.0000,,,,,,0.0000
1444,0,,0.0000,,,,,,0.0000
1445,1,2975.0159,0.6290,0.1814,0.1076,0.3400,era2,0.0000,2.5160
1446,17,49154.3554,12.0899,4.3142,2.0604,5.7148,era1,0.6058,48.3598
1447,15,36610.4447,7.7405,2.2318,1.3238,4.1846,era2,0.0000,30.9622
1448,7,13577.2192,2.8706,0.8277,0.4910,1.5519,era2,0.0000,11.4825
1449,5,17987.6928,3.8031,1.0965,0.6504,2.0560,era2,0.0000,15.2126
1450,28,59765.5210,13.7614,4.5169,2.3487,6.8952,era2,0.5983,55.0455
1451,78,328645.0510,72.2008,22.1424,12.3365,37.7185,era2,0.5693,288.8030
1452,61,118895.8207,27.5678,9.1343,4.7044,13.7279,era2,0.6768,110.2710
1453,17,33357.2068,8.6507,3.2742,1.4726,3.9036,era1,0.2237,34.6030
1454,3,25022.7350,6.5362,2.4925,1.1125,2.9309,era1,0.0000,26.1448
1455,0,,0.0000,,,,,,0.0000
1456,0,,0.0000,,,,,,0.0000
1457,8,36883.6706,9.6344,3.6740,1.6398,4.3202,era1,0.0000,38.5375
1458,9,93095.5800,20.8858,6.6088,3.5668,10.7092,era2,0.3488,83.5432
1459,7,54392.4967,11.6344,3.4199,1.9892,6.2247,era2,0.4101,46.5375
1460,19,134406.7234,26.3890,6.6931,4.2645,15.4306,era2,0.4095,105.5559
1461,0,,0.0000,,,,,,0.0000
1462,0,,0.0000,,,,,,0.0000
1463,0,,0.0000,,,,,,0.0000
1464,0,,0.0000,,,,,,0.0000
1465,0,,0.0000,,,,,,0.0000
1466,0,,0.0000,,,,,,0.0000
1467,0,,0.0000,,,,,,0.0000
1468,0,,0.0000,,,,,,0.0000
1469,0,,0.0000,,,,,,0.0000
1470,0,,0.0000,,,,,,0.0000
1471,0,,0.0000,,,,,,0.0000
1472,0,,0.0000,,,,,,0.0000
1473,0,,0.0000,,,,,,0.0000
1474,0,,0.0000,,,,,,0.0000
1475,0,,0.0000,,,,,,0.0000
1476,0,,0.0000,,,,,,0.0000
1477,0,,0.0000,,,,,,0.0000
1478,3,4260.9001,0.7698,0.1612,0.1213,0.4873,era2,0.6365,3.0792
1479,1,104117.5007,22.0136,6.3470,3.7649,11.9006,era2,0.0000,88.0543
1480,0,,0.0000,,,,,,0.0000
1481,0,,0.0000,,,,,,0.0000
1482,0,,0.0000,,,,,,0.0000
1483,0,,0.0000,,,,,,0.0000
1484,0,,0.0000,,,,,,0.0000
1485,0,,0.0000,,,,,,0.0000
1486,6,5134.2929,0.8611,0.1441,0.1295,0.5874,era2,0.4506,3.4442
1487,46,141701.5263,25.7943,5.5047,4.0822,16.2067,era2,0.2411,103.1773
1488,7,19357.1904,4.0927,1.1800,0.7000,2.2125,era2,0.0000,16.3708
1489,14,86959.6084,18.4443,5.3552,3.1242,9.9642,era2,0.7589,73.7773
1490,0,,0.0000,,,,,,0.0000
1491,0,,0.0000,,,,,,0.0000
1492,49,169533.6347,38.4188,12.3347,6.5555,19.5269,era2,0.6505,153.6751
1493,14,80030.6754,19.3849,6.7918,3.3047,9.2876,era2,0.5983,77.5396
1494,0,,0.0000,,,,,,0.0000
1495,0,,0.0000,,,,,,0.0000
1496,8,61693.9731,13.4673,4.0896,2.3014,7.0757,era2,0.6616,53.8693
1497,3,115324.8425,24.4645,7.0934,4.1837,13.1863,era2,0.6365,97.8581
1498,28,51002.2977,11.7085,3.8274,1.9985,5.8822,era2,0.6518,46.8340
1499,19,42662.6204,8.6900,2.3557,1.4486,4.8854,era2,0.7080,34.7600
1500,29,63982.9169,13.2306,3.6767,2.2393,7.3140,era2,0.1500,52.9223
1501,21,38670.2522,8.1761,2.3573,1.3983,4.4200,era2,0.0000,32.7042
1502,0,,0.0000,,,,,,0.0000
1503,0,,0.0000,,,,,,0.0000
1504,0,,0.0000,,,,,,0.0000
1505,0,,0.0000,,,,,,0.0000
1506,0,,0.0000,,,,,,0.0000
1507,0,,0.0000,,,,,,0.0000
1508,0,,0.0000,,,,,,0.0000
1509,0,,0.0000,,,,,,0.0000
1510,0,,0.0000,,,,,,0.0000
1511,0,,0.0000,,,,,,0.0000
1512,0,,0.0000,,,,,,0.0000
1513,0,,0.0000,,,,,,0.0000
1514,0,,0.0000,,,,,,0.0000
1515,0,,0.0000,,,,,,0.0000
1516,0,,0.0000,,,,,,0.0000
1517,0,,0.0000,,,,,,0.0000
1518,0,,0.0000,,,,,,0.0000
1519,6,25364.6096,5.0894,1.3405,0.8488,2.8998,era2,0.6931,20.3575
1520,20,94443.1892,14.4210,1.5846,2.0278,10.8085,era3,0.1985,57.6840
1521,0,,0.0000,,,,,,0.0000
1522,0,,0.0000,,,,,,0.0000
1523,0,,0.0000,,,,,,0.0000
1524,0,,0.0000,,,,,,0.0000
1525,0,,0.0000,,,,,,0.0000
1526,0,,0.0000,,,,,,0.0000
1527,8,34243.5382,6.8609,1.8022,1.1434,3.9150,era2,0.6616,27.4434
1528,0,,0.0000,,,,,,0.0000
1529,0,,0.0000,,,,,,0.0000
1530,12,210636.1296,44.8835,13.1111,7.6747,24.0955,era2,0.4506,179.5339
1531,0,,0.0000,,,,,,0.0000
1532,0,,0.0000,,,,,,0.0000
1533,3,6564.1859,1.6045,0.5684,0.2735,0.7626,era1,0.6365,6.4181
1534,11,25634.3164,5.1823,1.3840,0.8675,2.9306,era2,0.3046,20.7293
1535,0,,0.0000,,,,,,0.0000
1536,0,,0.0000,,,,,,0.0000
1537,11,30980.9787,6.4012,1.7765,1.0830,3.5415,era2,0.3046,25.6050
1538,5,10903.0080,2.3957,0.7349,0.4093,1.2514,era2,0.5004,9.5828
1539,5,16361.5856,4.1322,1.5198,0.7038,1.9084,era1,0.5004,16.5289
1540,7,37303.4729,7.6767,2.1193,1.2843,4.2728,era2,1.0042,30.7068
1541,37,167737.2738,35.8200,10.5012,6.1246,19.1926,era2,0.2103,143.2802
1542,1,5100.5666,1.3323,0.5081,0.2268,0.5974,era1,0.0000,5.3293
1543,0,,0.0000,,,,,,0.0000
1544,0,,0.0000,,,,,,0.0000
1545,0,,0.0000,,,,,,0.0000
1546,0,,0.0000,,,,,,0.0000
1547,0,,0.0000,,,,,,0.0000
1548,0,,0.0000,,,,,,0.0000
1549,0,,0.0000,,,,,,0.0000
1550,0,,0.0000,,,,,,0.0000
1551,0,,0.0000,,,,,,0.0000
1552,0,,0.0000,,,,,,0.0000
1553,0,,0.0000,,,,,,0.0000
1554,0,,0.0000,,,,,,0.0000
1555,0,,0.0000,,,,,,0.0000
1556,0,,0.0000,,,,,,0.0000
1557,0,,0.0000,,,,,,0.0000
1558,0,,0.0000,,,,,,0.0000
1559,0,,0.0000,,,,,,0.0000
1560,1,4012.5391,0.6035,0.0604,0.0839,0.4592,era3,0.0000,2.4141
1561,19,38771.4190,6.0249,0.7293,0.8587,4.4369,era3,0.2062,24.0995
1562,1,1767.0476,0.2658,0.0266,0.0369,0.2022,era3,0.0000,1.0631
1563,22,68667.6751,13.8960,3.7178,2.3274,7.8502,era2,0.4741,55.5838
1564,34,106216.4229,16.1847,1.7566,2.2721,12.1560,era3,0.1327,64.7387
1565,39,113871.1245,23.6032,6.6084,3.9227,13.0712,era2,0.9111,94.4130
1566,23,86237.3646,17.3871,4.6458,2.8200,9.9207,era2,0.9184,69.5482
1567,7,36905.4099,7.3436,1.9209,1.1625,4.2601,era1,0.9557,29.3745
1568,4,7166.2238,1.4058,0.3546,0.2318,0.8194,era2,0.5623,5.6234
1569,4,11445.4820,2.0843,0.4453,0.3299,1.3090,era3,0.6931,8.3372
1570,2,3046.2970,0.6441,0.1857,0.1102,0.3482,era2,0.0000,2.5763
1571,0,,0.0000,,,,,,0.0000
1572,0,,0.0000,,,,,,0.0000
1573,0,,0.0000,,,,,,0.0000
1574,50,192376.3563,39.8004,11.0700,6.7378,21.9908,era2,0.2270,159.2017
1575,12,40381.8045,8.5379,2.4617,1.4602,4.6156,era2,0.0000,34.1517
1576,0,,0.0000,,,,,,0.0000
1577,0,,0.0000,,,,,,0.0000
1578,0,,0.0000,,,,,,0.0000
1579,4,2110.9186,0.4463,0.1287,0.0763,0.2413,era2,0.0000,1.7852
1580,17,44957.5330,9.9791,3.1084,1.7047,5.1656,era2,0.4660,39.9164
1581,0,,0.0000,,,,,,0.0000
1582,0,,0.0000,,,,,,0.0000
1583,0,,0.0000,,,,,,0.0000
1584,0,,0.0000,,,,,,0.0000
1585,0,,0.0000,,,,,,0.0000
1586,0,,0.0000,,,,,,0.0000
1587,0,,0.0000,,,,,,0.0000
1588,0,,0.0000,,,,,,0.0000
1589,0,,0.0000,,,,,,0.0000
1590,0,,0.0000,,,,,,0.0000
1591,0,,0.0000,,,,,,0.0000
1592,0,,0.0000,,,,,,0.0000
1593,0,,0.0000,,,,,,0.0000
1594,0,,0.0000,,,,,,0.0000
1595,0,,0.0000,,,,,,0.0000
1596,0,,0.0000,,,,,,0.0000
1597,0,,0.0000,,,,,,0.0000
1598,0,,0.0000,,,,,,0.0000
1599,0,,0.0000,,,,,,0.0000
1600,0,,0.0000,,,,,,0.0000
1601,4,133000.6221,25.7223,6.3039,4.2096,15.2079,era2,0.5623,102.8891
1602,0,,0.0000,,,,,,0.0000
1603,6,8774.6217,1.3198,0.1321,0.1834,1.0043,era3,0.0000,5.2792
1604,10,28481.7309,4.6702,0.7195,0.6919,3.2588,era3,0.6109,18.6807
1605,27,84247.8418,12.8481,1.4015,1.8049,9.6417,era3,0.1584,51.3926
1606,26,101874.8874,24.8884,8.8124,4.2359,11.8392,era2,0.8226,99.5537
1607,18,86031.5107,20.0213,6.6871,3.3455,9.9879,era1,1.0688,80.0850
1608,9,88635.2281,18.9595,5.5735,3.2416,10.1435,era2,0.5297,75.8380
1609,0,,0.0000,,,,,,0.0000
1610,28,40699.1214,6.7912,1.1166,1.0181,4.6564,era3,0.5983,27.1648
1611,0,,0.0000,,,,,,0.0000
1612,0,,0.0000,,,,,,0.0000
1613,0,,0.0000,,,,,,0.0000
1614,0,,0.0000,,,,,,0.0000
1615,31,67852.7365,13.5136,3.5101,2.2454,7.7576,era2,0.6024,54.0545
1616,10,64475.1606,13.6320,3.9304,2.3314,7.3695,era2,0.0000,54.5279
1617,15,31199.2599,6.5965,1.9019,1.1282,3.5661,era2,0.0000,26.3858
1618,16,35167.3352,7.4354,2.1438,1.2717,4.0196,era2,0.0000,29.7417
1619,0,,0.0000,,,,,,0.0000
1620,0,,0.0000,,,,,,0.0000
1621,0,,0.0000,,,,,,0.0000
1622,21,44981.9043,10.1497,3.2464,1.7056,5.1974,era2,1.0125,40.5989
1623,0,,0.0000,,,,,,0.0000
1624,0,,0.0000,,,,,,0.0000
1625,0,,0.0000,,,,,,0.0000
1626,0,,0.0000,,,,,,0.0000
1627,0,,0.0000,,,,,,0.0000
1628,0,,0.0000,,,,,,0.0000
1629,0,,0.0000,,,,,,0.0000
1630,0,,0.0000,,,,,,0.0000
1631,0,,0.0000,,,,,,0.0000
1632,0,,0.0000,,,,,,0.0000
1633,0,,0.0000,,,,,,0.0000
1634,0,,0.0000,,,,,,0.0000
1635,0,,0.0000,,,,,,0.0000
1636,0,,0.0000,,,,,,0.0000
1637,0,,0.0000,,,,,,0.0000
1638,0,,0.0000,,,,,,0.0000
1639,0,,0.0000,,,,,,0.0000
1640,0,,0.0000,,,,,,0.0000
1641,0,,0.0000,,,,,,0.0000
1642,0,,0.0000,,,,,,0.0000
1643,0,,0.0000,,,,,,0.0000
1644,0,,0.0000,,,,,,0.0000
1645,0,,0.0000,,,,,,0.0000
1646,3,11629.0103,1.9104,0.2965,0.2834,1.3305,era3,0.6365,7.6416
1647,24,96102.5494,23.3332,8.1987,3.9776,11.1559,era2,0.6616,93.3328
1648,20,96880.7109,20.3280,5.7889,3.4643,11.0738,era2,0.1985,81.3118
1649,21,127503.3093,22.7231,4.5870,3.5514,14.5840,era3,0.6365,90.8924
1650,0,,0.0000,,,,,,0.0000
1651,0,,0.0000,,,,,,0.0000
1652,0,,0.0000,,,,,,0.0000
1653,0,,0.0000,,,,,,0.0000
1654,0,,0.0000,,,,,,0.0000
1655,0,,0.0000,,,,,,0.0000
1656,0,,0.0000,,,,,,0.0000
1657,0,,0.0000,,,,,,0.0000
1658,0,,0.0000,,,,,,0.0000
1659,0,,0.0000,,,,,,0.0000
1660,0,,0.0000,,,,,,0.0000
1661,0,,0.0000,,,,,,0.0000
1662,0,,0.0000,,,,,,0.0000
1663,0,,0.0000,,,,,,0.0000
1664,0,,0.0000,,,,,,0.0000
1665,0,,0.0000,,,,,,0.0000
1666,0,,0.0000,,,,,,0.0000
1667,0,,0.0000,,,,,,0.0000
1668,0,,0.0000,,,,,,0.0000
1669,0,,0.0000,,,,,,0.0000
1670,0,,0.0000,,,,,,0.0000
1671,0,,0.0000,,,,,,0.0000
1672,0,,0.0000,,,,,,0.0000
1673,0,,0.0000,,,,,,0.0000
1674,0,,0.0000,,,,,,0.0000
1675,0,,0.0000,,,,,,0.0000
1676,0,,0.0000,,,,,,0.0000
1677,0,,0.0000,,,,,,0.0000
1678,0,,0.0000,,,,,,0.0000
1679,0,,0.0000,,,,,,0.0000
1680,0,,0.0000,,,,,,0.0000
1681,0,,0.0000,,,,,,0.0000
1682,0,,0.0000,,,,,,0.0000
1683,0,,0.0000,,,,,,0.0000
1684,0,,0.0000,,,,,,0.0000
1685,0,,0.0000,,,,,,0.0000
1686,0,,0.0000,,,,,,0.0000
1687,1,1712.6585,0.3621,0.1044,0.0619,0.1958,era2,0.0000,1.4484
1688,1,76750.6374,16.2274,4.6787,2.7753,8.7726,era2,0.0000,64.9095
1689,0,,0.0000,,,,,,0.0000
1690,0,,0.0000,,,,,,0.0000
1691,0,,0.0000,,,,,,0.0000
1692,0,,0.0000,,,,,,0.0000
1693,0,,0.0000,,,,,,0.0000
1694,0,,0.0000,,,,,,0.0000
1695,0,,0.0000,,,,,,0.0000
1696,0,,0.0000,,,,,,0.0000
1697,0,,0.0000,,,,,,0.0000
1698,0,,0.0000,,,,,,0.0000
1699,0,,0.0000,,,,,,0.0000
1700,0,,0.0000,,,,,,0.0000
1701,0,,0.0000,,,,,,0.0000
1702,0,,0.0000,,,,,,0.0000
1703,0,,0.0000,,,,,,0.0000
1704,0,,0.0000,,,,,,0.0000
1705,0,,0.0000,,,,,,0.0000
1706,0,,0.0000,,,,,,0.0000
1707,0,,0.0000,,,,,,0.0000
1708,0,,0.0000,,,,,,0.0000
1709,0,,0.0000,,,,,,0.0000
1710,0,,0.0000,,,,,,0.0000
1711,0,,0.0000,,,,,,0.0000
1712,0,,0.0000,,,,,,0.0000
1713,0,,0.0000,,,,,,0.0000
1714,0,,0.0000,,,,,,0.0000
1715,0,,0.0000,,,,,,0.0000
1716,0,,0.0000,,,,,,0.0000
1717,0,,0.0000,,,,,,0.0000
1718,0,,0.0000,,,,,,0.0000
1719,0,,0.0000,,,,,,0.0000
1720,0,,0.0000,,,,,,0.0000
1721,0,,0.0000,,,,,,0.0000
