grid_id,building_count,dominant_era,district,R5_savings_GWh,annual_pv_GWh,co2_avoided_kt,rank_integrated,centroid_lon,centroid_lat,baseline_carbon_kt
933,19,era2,Kaifu,26.1421,7.2014,19.0158,1,112.9552,28.2432,inf
316,30,era3,Yuelu,15.9516,8.5395,13.9673,2,112.8786,28.2353,inf
1315,3,era1,Tianxin,14.7508,12.8239,15.7258,3,113.0038,28.1162,inf
353,3,era3,Yuelu,8.1981,10.7404,10.8006,4,112.8834,28.2171,inf
354,10,era3,Yuelu,8.7745,14.4873,13.2662,5,112.8835,28.2217,inf
275,31,era3,Yuelu,9.5356,8.095,10.0547,5,112.8735,28.2353,inf
357,16,era3,Yuelu,9.6739,6.371,9.1504,7,112.8837,28.2352,inf
883,26,era1,Yuelu,42.4726,4.5467,26.8151,8,112.9494,28.2027,inf
929,30,era1,Yuelu,65.4963,3.9049,39.5795,9,112.9549,28.2252,inf
1004,15,era1,Tianxin,134.419,7.7139,81.0584,10,112.9645,28.1934,inf
315,57,era3,Yuelu,9.4184,10.7249,11.4877,11,112.8785,28.2307,inf
790,13,era2,Yuelu,15.2724,9.5596,14.1617,12,112.9383,28.1532,inf
274,30,era3,Yuelu,8.4501,5.2913,7.8367,13,112.8734,28.2308,inf
832,24,era2,Tianxin,14.5,7.14,12.3413,14,112.9434,28.1576,inf
833,45,era2,Tianxin,20.131,8.3013,16.2149,15,112.9435,28.1622,inf
1164,12,era1,Furong,27.7256,1.9465,16.922,16,112.9845,28.1751,inf
317,39,era3,Yuelu,9.3612,2.8063,6.9391,17,112.8787,28.2398,inf
972,19,era3,Kaifu,13.4789,4.7057,10.3707,18,112.9601,28.2341,inf
1132,12,era1,Furong,75.895,7.0626,47.3107,19,112.9802,28.2158,inf
355,11,era3,Yuelu,6.778,10.8651,10.0619,20,112.8836,28.2262,inf
889,24,era2,Yuelu,58.6261,4.1749,35.8154,21,112.9498,28.2297,inf
1124,5,era2,Furong,16.0942,5.3249,12.2153,22,112.9795,28.1797,inf
352,25,era3,Yuelu,7.5342,8.0842,8.9072,23,112.8833,28.2126,inf
807,17,era3,Yuelu,9.1642,5.3101,8.2547,24,112.9397,28.2299,inf
1223,18,era3,Kaifu,6.6572,7.889,8.2957,25,112.9911,28.2562,inf
722,50,era2,Yuelu,24.3761,4.2181,16.3073,26,112.9292,28.2165,inf
750,51,era2,Yuelu,14.8939,10.2983,14.3671,27,112.9333,28.1578,inf
396,15,era3,Yuelu,7.7691,7.8851,8.9276,28,112.8886,28.2261,inf
392,28,era3,Yuelu,9.6185,7.9534,10.0213,29,112.8883,28.208,inf
228,9,era3,Yuelu,4.8192,7.706,7.1431,30,112.868,28.2083,inf
1171,34,era1,Furong,21.8361,4.1646,14.8282,31,112.9851,28.2067,inf
1156,31,era2,Tianxin,14.6023,6.0429,11.7739,32,112.9838,28.139,inf
434,34,era2,Yuelu,10.1079,7.4605,10.0193,33,112.8935,28.2125,inf
560,42,era2,Yuelu,11.2492,7.2284,10.5378,34,112.909,28.2258,inf
1204,49,era1,Furong,30.8911,5.3145,20.6481,35,112.9895,28.1705,inf
1410,61,era2,Furong,30.2689,7.3557,21.4573,36,113.015,28.1747,inf
839,28,era2,Tianxin,21.9533,8.1657,17.1769,37,112.944,28.1892,inf
1087,39,era1,Furong,172.9227,10.2387,104.4569,38,112.9747,28.1978,inf
1601,4,era2,Yuhua,7.7722,5.1604,7.3755,39,113.0393,28.1111,inf
797,22,era2,Yuelu,11.9027,5.2495,9.7819,40,112.9388,28.1848,inf
710,42,era2,Yuelu,15.2578,6.7682,12.5614,41,112.9283,28.1624,inf
312,3,era3,Yuelu,4.1065,6.6917,6.1582,42,112.8783,28.2172,inf
310,13,era3,Yuelu,5.5175,8.3944,7.934,43,112.8781,28.2082,inf
1113,18,era2,Tianxin,8.7875,4.8949,7.8031,44,112.9786,28.1301,inf
1050,27,era1,Yuelu,23.5535,3.3568,15.3469,45,112.97,28.2159,inf
671,48,era2,Yuelu,14.1888,6.4349,11.7617,46,112.9233,28.1715,inf
478,23,era2,Yuelu,9.4676,6.4142,9.0574,47,112.8988,28.2259,inf
548,21,era2,Yuelu,9.5412,5.0451,8.3186,48,112.9081,28.1717,inf
884,81,era1,Yuelu,39.6266,4.5352,25.1855,49,112.9494,28.2072,inf
1046,32,era1,Tianxin,38.9739,2.2473,23.5085,50,112.9696,28.1979,inf
1274,6,era3,Tianxin,4.8609,5.8676,6.1185,51,112.9987,28.1162,inf
1276,3,era2,Tianxin,7.1996,3.6514,6.1883,52,112.9988,28.1253,inf
558,54,era2,Yuelu,22.0165,9.2205,17.8144,53,112.9089,28.2168,inf
1320,24,era2,Tianxin,11.3396,2.8256,8.0784,54,113.0042,28.1387,inf
559,63,era2,Yuelu,35.5612,7.0295,24.2895,55,112.9089,28.2213,inf
1530,12,era2,Yuhua,15.7441,7.9103,13.4901,56,113.0301,28.1609,inf
1324,33,era2,Tianxin,16.5663,6.0878,12.9196,57,113.0045,28.1568,inf
1097,6,era1,Furong,21.0569,3.0321,13.738,58,112.9756,28.2429,inf
436,13,era2,Yuelu,9.6271,5.3583,8.5461,59,112.8937,28.2215,inf
437,35,era2,Yuelu,13.0784,7.2683,11.6037,59,112.8937,28.226,inf
311,22,era3,Yuelu,4.9563,5.5646,6.0001,61,112.8782,28.2127,inf
808,12,era2,Yuelu,6.7477,3.3645,5.767,62,112.9397,28.2344,inf
157,1,era3,Yuelu,3.1043,5.1254,4.6934,63,112.8586,28.2581,inf
1157,23,era2,Tianxin,10.4338,3.041,7.6847,64,112.9839,28.1435,inf
796,38,era1,Yuelu,21.5243,7.9203,16.7922,65,112.9388,28.1803,inf
1137,28,era1,Furong,16.3154,4.7485,12.0127,65,112.9806,28.2383,inf
725,11,era3,Yuelu,4.6029,6.0243,6.0607,67,112.9295,28.23,inf
670,45,era2,Yuelu,15.2963,5.6473,11.9441,68,112.9232,28.167,inf
747,22,era3,Yuelu,6.2135,4.6872,6.2166,69,112.933,28.1443,inf
1155,26,era2,Tianxin,7.5609,3.7964,6.4771,70,112.9837,28.1345,inf
1197,41,era2,Tianxin,16.7606,6.5129,13.2729,71,112.9889,28.1389,inf
519,47,era2,Yuelu,12.998,5.8023,10.7218,72,112.9039,28.2259,inf
1136,31,era1,Furong,22.4608,6.5367,16.5373,73,112.9805,28.2338,inf
518,73,era2,Yuelu,19.2416,6.5345,14.7001,74,112.9038,28.2214,inf
974,4,era3,Kaifu,4.7769,4.1218,5.075,75,112.9603,28.2431,inf
1290,52,era1,Furong,35.0156,8.6521,24.9037,76,113.0,28.1884,inf
893,34,era2,Kaifu,15.1774,7.3267,12.8341,77,112.9502,28.2478,inf
1497,3,era2,Furong,8.5105,4.4112,7.3692,78,113.0256,28.1971,inf
1214,2,era1,Furong,11.1813,3.5308,8.3903,79,112.9903,28.2156,inf
1236,22,era3,Tianxin,9.5528,3.1521,7.2456,80,112.9938,28.1298,inf
1201,68,era1,Tianxin,28.8939,6.6791,20.2873,81,112.9893,28.157,inf
1492,49,era2,Furong,14.9746,4.8867,11.3269,82,113.0252,28.1745,inf
928,17,era2,Yuelu,10.2456,1.9525,6.9566,83,112.9548,28.2206,inf
1195,31,era2,Tianxin,8.8087,4.4024,7.5343,84,112.9888,28.1299,inf
1258,18,era1,Furong,15.6737,5.8051,12.2493,85,112.9957,28.2291,inf
678,27,era1,Yuelu,8.0787,3.6255,6.6749,86,112.9239,28.203,inf
1182,3,era3,Kaifu,3.7117,1.5542,3.0032,87,112.986,28.2563,inf
1396,28,era2,Tianxin,12.0858,5.5477,10.0564,88,113.0139,28.1115,inf
932,5,era2,Kaifu,9.8077,0.8185,6.0601,88,112.9551,28.2387,inf
1250,87,era1,Furong,30.1236,6.2758,20.7586,90,112.995,28.193,inf
1141,4,era2,Kaifu,5.9665,3.6137,5.4636,91,112.9809,28.2564,inf
1098,2,era2,Kaifu,3.9272,3.8908,4.4586,92,112.9756,28.2474,inf
1169,61,era1,Furong,24.1788,2.5135,15.2226,93,112.9849,28.1977,inf
1163,28,era1,Furong,16.8641,3.2332,11.4615,94,112.9844,28.1706,inf
831,28,era2,Tianxin,9.9911,3.8312,7.8828,95,112.9434,28.1531,inf
1649,21,era3,Yuhua,5.8776,4.5465,5.9449,96,113.045,28.1426,inf
1275,15,era2,Tianxin,5.8967,4.3406,5.8383,97,112.9988,28.1207,inf
1371,24,era2,Furong,16.9756,7.5482,13.9859,98,113.0101,28.1838,inf
1160,60,era1,Tianxin,20.8675,4.7767,14.6249,99,112.9842,28.1571,inf
1133,5,era1,Furong,10.2337,3.1066,7.608,100,112.9802,28.2203,inf
1123,3,era1,Furong,11.0175,1.5196,7.1499,101,112.9794,28.1752,inf
1045,29,era1,Tianxin,18.4592,4.2137,12.9304,102,112.9696,28.1934,inf
749,7,era2,Yuelu,5.8119,3.2002,5.1396,103,112.9332,28.1533,inf
276,9,era3,Yuelu,2.9329,1.9312,2.774,104,112.8736,28.2398,inf
806,68,era1,Yuelu,22.7261,5.6015,16.1552,105,112.9396,28.2254,inf
1460,19,era2,Furong,8.3737,3.7573,6.9183,106,113.0209,28.2152,inf
1200,66,era1,Tianxin,22.4352,4.8407,15.5554,107,112.9892,28.1525,inf
931,2,era1,Kaifu,9.8784,0.4904,5.9133,108,112.955,28.2342,inf
1283,50,era1,Tianxin,23.9047,6.0022,17.0559,109,112.9994,28.1568,inf
1574,50,era2,Furong,13.3507,4.7933,10.3475,110,113.0354,28.1744,inf
1078,31,era2,Tianxin,10.8931,3.7221,8.335,111,112.974,28.1572,inf
1100,14,era2,Kaifu,10.4931,5.0202,8.8472,112,112.9758,28.2564,inf
1302,25,era3,Furong,6.6817,2.568,5.2751,113,113.001,28.2425,inf
709,4,era3,Yuelu,2.6608,3.9343,3.7612,114,112.9282,28.1579,inf
1068,22,era3,Tianxin,4.5615,6.2836,6.185,115,112.9732,28.1121,inf
672,40,era2,Yuelu,16.1928,6.6082,13.0034,116,112.9234,28.176,inf
874,14,era2,Tianxin,6.6624,1.6712,4.7527,117,112.9486,28.1621,inf
723,41,era2,Yuelu,13.9504,5.6252,11.164,118,112.9293,28.221,inf
1129,22,era1,Furong,16.1044,3.8201,11.363,119,112.9799,28.2022,inf
1342,24,era2,Furong,7.8243,3.4094,6.4066,120,113.006,28.238,inf
1238,18,era2,Tianxin,7.759,2.7054,5.9678,121,112.994,28.1389,inf
887,44,era2,Yuelu,15.9489,4.0214,11.389,122,112.9497,28.2207,inf
847,64,era2,Yuelu,23.8071,6.4557,17.2589,123,112.9447,28.2253,inf
682,57,era3,Yuelu,9.0551,3.4801,7.1488,124,112.9242,28.2211,inf
600,71,era2,Yuelu,13.4016,4.5817,10.2559,125,112.914,28.2212,inf
1037,49,era2,Tianxin,12.3025,3.2769,8.8849,126,112.9689,28.1573,inf
1075,13,era1,Tianxin,7.2352,2.8467,5.7497,127,112.9737,28.1437,inf
993,11,era1,Tianxin,7.7683,2.4493,5.8271,128,112.9636,28.1438,inf
270,6,era3,Yuelu,2.2935,3.7441,3.4433,129,112.8731,28.2128,inf
728,16,era3,Yuelu,2.7116,3.2837,3.4191,130,112.9297,28.2436,inf
1191,32,era3,Tianxin,7.9601,4.2439,6.96,131,112.9884,28.1119,inf
1479,1,era2,Yuhua,7.6099,4.0398,6.6438,132,113.0241,28.1159,inf
1607,18,era1,Yuhua,8.2788,2.6385,6.2261,133,113.0398,28.1382,inf
1451,78,era2,Furong,26.736,8.8824,20.3132,134,113.0201,28.1746,inf
811,38,era2,Yuelu,9.1165,4.2833,7.6419,135,112.94,28.2479,inf
846,22,era1,Yuelu,16.3308,3.8921,11.5331,136,112.9446,28.2208,inf
1210,91,era1,Furong,31.4996,4.8876,20.7516,137,112.99,28.1976,inf
721,5,era2,Yuelu,3.5362,2.9985,3.7267,138,112.9291,28.212,inf
1115,12,era3,Tianxin,3.6336,2.3929,3.4369,139,112.9787,28.1391,inf
1248,111,era1,Furong,31.5317,4.4449,20.5174,140,112.9948,28.184,inf
1243,52,era1,Tianxin,38.8118,10.0039,27.8396,141,112.9944,28.1614,inf
1121,82,era1,Tianxin,20.9202,3.6294,14.0007,142,112.9792,28.1662,inf
1541,37,era2,Furong,12.6153,2.3976,8.5619,143,113.031,28.2105,inf
1314,21,era2,Tianxin,6.0013,3.1381,5.2122,144,113.0037,28.1117,inf
794,44,era2,Yuelu,17.7114,6.3295,13.7105,145,112.9386,28.1712,inf
1376,36,era2,Furong,14.2544,5.2801,11.1405,146,113.0105,28.2063,inf
1244,87,era1,Tianxin,24.3817,3.8154,16.0808,147,112.9945,28.1659,inf
395,14,era3,Yuelu,2.9535,4.5899,4.302,148,112.8886,28.2216,inf
726,5,era3,Yuelu,3.4692,2.4686,3.3863,149,112.9296,28.2345,inf
1341,49,era1,Furong,21.4633,4.8613,15.0129,150,113.006,28.2334,inf
752,68,era2,Yuelu,16.1495,5.1018,12.1196,151,112.9334,28.1668,inf
1251,53,era1,Furong,18.1967,4.0786,12.7036,152,112.9951,28.1975,inf
1336,73,era2,Furong,14.0226,3.1738,9.8071,153,113.0055,28.2109,inf
882,6,era1,Tianxin,5.8027,2.482,4.7248,154,112.9493,28.1982,inf
1159,51,era2,Tianxin,9.6298,3.1345,7.2795,155,112.9841,28.1525,inf
1202,63,era1,Tianxin,21.1967,4.0505,14.3985,155,112.9893,28.1615,inf
640,59,era2,Yuelu,10.6897,3.6849,8.1978,157,112.919,28.2166,inf
1648,20,era2,Yuhua,6.9546,3.3758,5.8914,158,113.0449,28.1381,inf
1039,70,era1,Tianxin,19.9334,4.0431,13.6738,159,112.9691,28.1663,inf
603,4,era3,Yuelu,2.6718,0.7517,1.9524,159,112.9143,28.2348,inf
1036,69,era1,Tianxin,16.8088,3.0363,11.3177,161,112.9688,28.1528,inf
1241,34,era2,Tianxin,10.9707,4.3586,8.7423,162,112.9943,28.1524,inf
227,16,era2,Yuelu,4.3349,3.5831,4.5156,163,112.8679,28.2038,inf
1114,8,era3,Tianxin,3.0034,3.0252,3.4381,164,112.9787,28.1346,inf
1333,37,era1,Furong,24.7766,6.6311,17.9118,165,113.0053,28.1974,inf
687,44,era3,Yuelu,4.2377,5.0977,5.324,166,112.9246,28.2436,inf
1096,25,era1,Furong,8.4531,2.6295,6.3204,167,112.9755,28.2384,inf
1119,67,era2,Tianxin,13.3677,3.6652,9.7139,168,112.9791,28.1571,inf
688,21,era3,Yuelu,2.5858,3.6636,3.564,169,112.9247,28.2481,inf
1245,79,era1,Furong,23.1394,4.0287,15.494,170,112.9946,28.1704,inf
766,14,era2,Yuelu,6.3564,4.2712,6.0609,170,112.9346,28.23,inf
1035,84,era1,Tianxin,23.4319,3.7172,15.4831,172,112.9687,28.1483,inf
763,40,era1,Yuelu,10.8936,2.7713,7.7931,173,112.9343,28.2164,inf
686,48,era3,Yuelu,4.4227,4.2113,4.924,173,112.9245,28.2391,inf
641,61,era2,Yuelu,11.0278,2.9325,7.9616,175,112.9191,28.2212,inf
1413,4,era1,Furong,8.8707,2.8059,6.6592,176,113.0153,28.1882,inf
1120,81,era2,Tianxin,21.4311,5.0301,15.0908,177,112.9792,28.1616,inf
1300,18,era1,Furong,8.677,2.465,6.3543,177,113.0009,28.2335,inf
746,1,era3,Other,1.478,2.4402,2.2346,179,112.9329,28.1397,inf
358,19,era3,Yuelu,5.3339,2.1364,4.2603,179,112.8838,28.2397,inf
848,26,era2,Yuelu,6.1241,3.0885,5.2539,181,112.9448,28.2298,inf
764,65,era2,Yuelu,18.7885,5.4448,13.8202,181,112.9344,28.2209,inf
1006,29,era1,Yuelu,22.3896,6.3734,16.4035,183,112.9646,28.2025,inf
613,34,era3,Yuelu,3.9966,4.8558,5.0486,184,112.9151,28.2799,inf
1247,111,era1,Furong,30.0743,4.8866,19.9382,185,112.9948,28.1795,inf
1067,48,era3,Tianxin,5.8243,4.8281,6.0751,186,112.9731,28.1076,inf
1489,14,era2,Yuhua,6.4818,2.9219,5.363,187,113.025,28.161,inf
724,51,era3,Yuelu,5.706,3.8551,5.4527,188,112.9294,28.2255,inf
812,1,era2,Yuelu,5.2525,2.7883,4.5857,189,112.9401,28.2524,inf
1240,31,era2,Tianxin,8.017,3.5818,6.6148,190,112.9942,28.1479,inf
1196,62,era2,Tianxin,8.7559,3.0569,6.7369,191,112.9888,28.1344,inf
271,5,era3,Yuelu,1.7804,2.823,2.6253,192,112.8732,28.2173,inf
1292,47,era1,Furong,16.7578,2.3163,10.8779,193,113.0002,28.1974,inf
1259,30,era2,Furong,12.9334,4.2959,9.8259,193,112.9958,28.2336,inf
393,30,era3,Yuelu,5.5318,3.6726,5.2493,195,112.8884,28.2126,inf
629,12,era2,Yuelu,4.4646,2.4972,3.9703,195,112.9182,28.167,inf
1355,16,era2,Tianxin,3.5911,3.7481,4.1856,197,113.0088,28.1116,inf
787,42,era2,Other,9.2098,2.124,6.4637,198,112.938,28.1397,inf
1286,96,era1,Furong,30.2342,3.7575,19.3855,199,112.9997,28.1704,inf
475,42,era2,Yuelu,8.9583,2.8535,6.7363,200,112.8986,28.2124,inf
1493,14,era2,Furong,8.3135,2.4045,6.1125,200,113.0253,28.179,inf
1206,24,era1,Furong,12.9216,3.3088,9.2562,202,112.9897,28.1795,inf
852,50,era3,Kaifu,5.8494,2.8356,4.953,203,112.9451,28.2479,inf
1203,64,era1,Tianxin,21.956,4.7862,15.2511,203,112.9894,28.166,inf
282,41,era3,Yuelu,6.2777,5.7538,6.8616,205,112.8741,28.2669,inf
1261,21,era3,Furong,3.0675,2.5127,3.1824,206,112.9959,28.2426,inf
1606,26,era2,Yuhua,10.8092,2.5164,7.5996,207,113.0397,28.1337,inf
891,7,era1,Kaifu,7.4814,0.4831,4.5421,208,112.95,28.2388,inf
1193,37,era3,Tianxin,8.7204,5.3469,8.0226,209,112.9886,28.1209,inf
1074,4,era3,Tianxin,2.415,2.2007,2.6323,210,112.9737,28.1392,inf
1688,1,era2,Yuhua,5.6097,2.9779,4.8975,210,113.0499,28.1335,inf
1273,12,era2,Tianxin,4.9481,2.5424,4.2718,212,112.9986,28.1117,inf
1080,73,era2,Tianxin,12.9455,2.1914,8.6326,213,112.9741,28.1662,inf
1343,12,era3,Furong,3.3254,2.3533,3.2386,214,113.0061,28.2425,inf
351,31,era3,Yuelu,2.7626,3.3786,3.5023,215,112.8832,28.2081,inf
1242,70,era2,Tianxin,13.6859,2.8082,9.4066,216,112.9943,28.1569,inf
1458,9,era2,Furong,8.007,3.3957,6.503,217,113.0207,28.2062,inf
1091,46,era1,Furong,30.7085,2.3201,18.8362,218,112.9751,28.2158,inf
602,3,era2,Yuelu,6.4736,0.5403,4.0,219,112.9142,28.2302,inf
268,9,era3,Yuelu,2.5103,2.8011,3.0291,220,112.873,28.2037,inf
1520,20,era3,Yuhua,2.3948,2.608,2.8531,221,113.0292,28.1158,inf
1094,10,era2,Furong,8.455,2.8212,6.4308,222,112.9753,28.2294,inf
805,74,era1,Yuelu,23.2437,3.9883,15.5304,223,112.9395,28.2209,inf
1326,62,era1,Tianxin,18.6413,3.2576,12.4889,224,113.0047,28.1658,inf
1237,49,era2,Tianxin,8.7663,3.3315,6.8994,225,112.9939,28.1344,inf
1356,1,era2,Tianxin,6.2038,3.2933,5.4162,226,113.0089,28.1161,inf
711,73,era2,Yuelu,15.7696,4.1931,11.3847,226,112.9283,28.1669,inf
1198,61,era2,Tianxin,15.2209,3.9477,10.9319,228,112.989,28.1435,inf
1287,96,era1,Furong,24.8199,2.9691,15.8481,229,112.9998,28.1749,inf
1327,64,era1,Furong,24.3313,5.8432,17.2085,230,113.0048,28.1703,inf
643,19,era3,Yuelu,2.459,2.699,2.9416,231,112.9193,28.2302,inf
1565,39,era2,Yuhua,8.1112,2.2746,5.923,232,113.0346,28.1338,inf
927,4,era2,Yuelu,5.7948,0.6425,3.6712,233,112.9547,28.2161,inf
1083,34,era1,Furong,12.3515,2.9614,8.733,234,112.9744,28.1798,inf
1194,44,era3,Tianxin,3.9769,3.0245,3.9929,235,112.9887,28.1254,inf
1125,81,era1,Furong,44.4062,2.8308,26.9393,235,112.9796,28.1842,inf
1076,52,era2,Tianxin,14.8816,3.0966,10.253,237,112.9738,28.1482,inf
1161,72,era2,Tianxin,13.6995,1.679,8.7704,238,112.9842,28.1616,inf
517,127,era2,Yuelu,22.0253,7.001,16.5537,239,112.9038,28.2169,inf
1566,23,era2,Yuhua,5.8104,2.3366,4.6462,240,113.0347,28.1383,inf
1277,11,era2,Tianxin,3.0113,2.122,2.9275,241,112.9989,28.1298,inf
1154,20,era3,Tianxin,3.6606,2.3635,3.4356,242,112.9837,28.13,inf
1103,49,era2,Kaifu,7.9508,2.871,6.1717,243,112.9761,28.27,inf
885,50,era1,Yuelu,12.1753,1.3559,7.7169,244,112.9495,28.2117,inf
1332,132,era1,Furong,36.2251,5.8239,23.9805,245,113.0052,28.1928,inf
1246,105,era1,Furong,26.7224,3.7978,17.4057,246,112.9947,28.175,inf
531,67,era3,Yuelu,4.9237,3.7711,4.9586,247,112.9049,28.28,inf
1337,43,era3,Furong,5.5158,2.7073,4.6896,248,113.0056,28.2154,inf
1282,20,era2,Tianxin,8.5389,3.3126,6.7589,248,112.9993,28.1523,inf
1118,60,era2,Tianxin,13.7256,1.56,8.7174,250,112.979,28.1526,inf
642,90,era2,Yuelu,12.8321,4.8569,10.088,251,112.9192,28.2257,inf
1079,40,era2,Tianxin,10.6585,2.2484,7.3608,252,112.9741,28.1617,inf
1647,24,era2,Yuhua,10.0384,3.2646,7.5867,252,113.0448,28.1336,inf
999,9,era1,Tianxin,6.5347,2.4851,5.144,254,112.9641,28.1709,inf
896,31,era2,Kaifu,6.103,3.1084,5.2532,255,112.9504,28.2613,inf
1288,120,era1,Furong,25.4688,3.0683,16.2747,256,112.9999,28.1794,inf
748,14,era2,Yuelu,5.8669,2.9602,5.0341,257,112.9331,28.1488,inf
762,5,era2,Yuelu,2.2698,1.6782,2.2516,258,112.9342,28.2119,inf
1049,62,era1,Yuelu,23.8734,3.108,15.3875,259,112.9699,28.2114,inf
1372,20,era1,Furong,9.3687,2.6023,6.8271,260,113.0102,28.1883,inf
1127,264,era1,Furong,34.0411,2.178,20.6557,261,112.9797,28.1932,inf
1331,66,era1,Furong,23.7638,5.1283,16.4772,262,113.0051,28.1883,inf
1608,9,era2,Yuhua,6.6977,3.3164,5.7111,263,113.0399,28.1427,inf
1329,64,era1,Furong,26.0362,6.2551,18.4157,264,113.0049,28.1793,inf
994,74,era2,Tianxin,10.1543,1.2301,6.4925,265,112.9636,28.1483,inf
1158,26,era2,Tianxin,5.5291,2.3344,4.4845,266,112.984,28.148,inf
1330,101,era1,Furong,30.8253,5.8112,20.8938,267,113.005,28.1838,inf
1205,32,era1,Furong,11.4448,2.4408,7.9189,268,112.9896,28.175,inf
507,1,era3,Yuelu,0.737,1.2168,1.1142,269,112.903,28.1717,inf
1232,32,era3,Tianxin,4.3505,2.5042,3.9093,270,112.9935,28.1118,inf
1038,67,era1,Tianxin,16.3832,2.8123,10.9472,271,112.969,28.1618,inf
1249,116,era1,Furong,30.5643,4.5823,20.0441,272,112.9949,28.1885,inf
1368,64,era1,Furong,14.8159,3.0988,10.2167,273,113.0099,28.1702,inf
851,13,era3,Yuelu,2.9903,1.841,2.7553,274,112.945,28.2433,inf
601,32,era2,Yuelu,8.4831,3.5072,6.8381,275,112.9141,28.2257,inf
1001,2,era1,Tianxin,4.715,1.4889,3.5381,276,112.9642,28.1799,inf
1199,44,era2,Tianxin,9.5765,2.4915,6.8824,277,112.9891,28.148,inf
1328,85,era1,Furong,18.4497,2.0537,11.6931,278,113.0049,28.1748,inf
1377,66,era2,Furong,10.3304,2.3724,7.2444,279,113.0106,28.2108,inf
522,9,era3,Yuelu,2.3148,2.2128,2.5821,280,112.9042,28.2394,inf
1334,36,era1,Furong,15.2405,3.3228,10.5866,280,113.0054,28.2019,inf
440,17,era3,Yuelu,3.8598,2.5241,3.6407,282,112.894,28.2396,inf
1109,8,era3,Tianxin,2.0852,1.9304,2.2901,283,112.9782,28.112,inf
1153,25,era3,Tianxin,3.4708,1.8205,3.0176,283,112.9836,28.1255,inf
1110,7,era3,Tianxin,1.5986,2.3167,2.2329,285,112.9783,28.1165,inf
599,42,era2,Yuelu,8.1561,3.0315,6.3803,286,112.9139,28.2167,inf
729,30,era3,Yuelu,2.4646,2.8802,3.0481,287,112.9298,28.2481,inf
1142,8,era2,Kaifu,2.0763,1.7837,2.2014,288,112.981,28.2609,inf
1128,134,era1,Furong,119.4493,8.1857,72.7902,289,112.9798,28.1977,inf
767,6,era3,Yuelu,1.5133,1.8275,1.9053,289,112.9346,28.2345,inf
683,81,era2,Yuelu,8.8694,1.7379,6.0494,289,112.9243,28.2256,inf
998,47,era1,Tianxin,10.3724,2.0091,7.0612,292,112.964,28.1664,inf
765,52,era2,Yuelu,10.3575,3.0818,7.6645,293,112.9345,28.2255,inf
1126,118,era1,Furong,29.7199,3.358,18.8643,294,112.9797,28.1887,inf
1375,39,era1,Furong,12.9521,2.9514,9.0697,295,113.0105,28.2018,inf
1047,176,era1,Yuelu,30.7855,5.9259,20.9365,296,112.9697,28.2024,inf
971,6,era2,Yuelu,5.9501,0.3558,3.5962,297,112.96,28.2296,inf
809,4,era2,Yuelu,1.4046,1.8019,1.8287,298,112.9398,28.2389,inf
837,35,era2,Tianxin,10.727,3.8299,8.3018,299,112.9439,28.1802,inf
1209,94,era1,Furong,32.4604,4.2549,20.9387,300,112.9899,28.1931,inf
1437,3,era2,Tianxin,1.5887,1.285,1.6389,301,113.0189,28.1114,inf
506,1,era3,Yuelu,0.6421,1.0602,0.9708,302,112.9029,28.1672,inf
1335,66,era2,Furong,12.2583,3.4893,8.9808,303,113.0054,28.2064,inf
1072,20,era2,Tianxin,4.3061,2.072,3.6374,304,112.9735,28.1301,inf
1077,36,era2,Tianxin,7.7593,1.7608,5.4293,305,112.9739,28.1527,inf
1564,34,era3,Yuhua,2.6657,2.161,2.7527,306,113.0345,28.1292,inf
1173,22,era1,Furong,7.7514,1.5406,5.2993,307,112.9852,28.2157,inf
838,17,era3,Tianxin,3.5885,1.5791,2.9471,308,112.9439,28.1847,inf
1364,41,era2,Tianxin,8.1295,1.3714,5.4184,309,113.0095,28.1522,inf
788,24,era2,Yuelu,4.1108,1.4859,3.1918,310,112.9381,28.1442,inf
886,32,era1,Yuelu,9.8594,2.0075,6.7677,311,112.9496,28.2162,inf
1116,5,era2,Tianxin,4.5821,1.9185,3.7073,312,112.9788,28.1436,inf
888,30,era2,Yuelu,8.3655,2.148,5.9958,312,112.9498,28.2252,inf
1168,219,era1,Furong,42.5635,3.8111,26.4475,314,112.9848,28.1931,inf
680,35,era2,Yuelu,6.204,1.3919,4.3319,315,112.9241,28.2121,inf
1069,9,era3,Tianxin,1.4375,1.8923,1.899,316,112.9732,28.1166,inf
1289,130,era1,Furong,28.5946,2.5009,17.7338,317,112.9999,28.1839,inf
1281,1,era3,Tianxin,0.4633,0.765,0.7005,318,112.9993,28.1478,inf
1291,29,era1,Furong,11.2876,1.1514,7.094,319,113.0001,28.1929,inf
894,35,era2,Kaifu,4.4234,2.4061,3.8949,320,112.9503,28.2523,inf
830,20,era2,Tianxin,5.0174,2.2093,4.1214,320,112.9433,28.1486,inf
1152,29,era2,Tianxin,5.0487,2.0299,4.0369,322,112.9835,28.121,inf
1086,107,era1,Furong,70.7455,4.7354,43.0468,323,112.9746,28.1933,inf
1117,19,era1,Tianxin,6.5891,1.3922,4.5517,324,112.9789,28.1481,inf
679,6,era2,Yuelu,2.3255,1.4015,2.1255,325,112.924,28.2076,inf
1285,81,era1,Tianxin,19.3949,2.0523,12.2314,325,112.9996,28.1659,inf
707,13,era2,Yuelu,3.3434,1.8322,2.9516,327,112.928,28.1488,inf
1563,22,era2,Yuhua,4.5131,2.126,3.7863,327,113.0345,28.1247,inf
881,21,era2,Tianxin,5.2384,2.2125,4.2493,329,112.9492,28.1937,inf
1378,41,era2,Furong,7.1715,1.7675,5.0979,330,113.0107,28.2153,inf
1208,83,era1,Furong,18.4116,1.9565,11.616,331,112.9898,28.1886,inf
1605,27,era3,Yuhua,2.1232,2.4679,2.6183,332,113.0396,28.1292,inf
828,10,era2,Tianxin,2.0758,1.6487,2.1241,333,112.9431,28.1396,inf
1224,3,era3,Kaifu,1.2467,0.9021,1.2254,334,112.9912,28.2607,inf
1167,191,era1,Furong,30.4536,2.2591,18.6561,335,112.9847,28.1886,inf
1567,7,era1,Yuhua,2.4525,1.201,2.0836,336,113.0348,28.1428,inf
1090,27,era1,Furong,8.8498,1.5185,5.913,337,112.975,28.2113,inf
1217,10,era2,Furong,4.0267,1.1406,2.9469,338,112.9906,28.2292,inf
1139,1,era2,Kaifu,3.2239,1.7114,2.8146,339,112.9807,28.2473,inf
1034,20,era1,Tianxin,7.7574,1.7742,5.4358,340,112.9686,28.1437,inf
712,58,era2,Yuelu,11.005,3.1237,8.0576,341,112.9284,28.1714,inf
1084,94,era1,Furong,15.8434,2.0299,10.1931,342,112.9745,28.1843,inf
720,7,era2,Yuelu,2.1889,2.1278,2.4618,343,112.9291,28.2075,inf
844,9,era2,Yuelu,3.6921,1.3832,2.8945,344,112.9444,28.2118,inf
572,154,era3,Yuelu,6.7827,1.4508,4.6955,345,112.91,28.2799,inf
1301,6,era2,Furong,3.3308,1.169,2.5662,346,113.0009,28.238,inf
1374,23,era1,Furong,8.0902,2.325,5.9398,347,113.0104,28.1973,inf
756,2,era3,Yuelu,0.3618,0.5973,0.547,347,112.9338,28.1849,inf
845,36,era2,Yuelu,7.8959,1.5823,5.4054,349,112.9445,28.2163,inf
628,1,era3,Yuelu,0.3517,0.5807,0.5318,350,112.9181,28.1625,inf
1151,11,era3,Tianxin,1.5379,1.5509,1.7616,351,112.9834,28.1165,inf
798,9,era1,Yuelu,4.1957,1.342,3.1581,352,112.9389,28.1893,inf
719,6,era2,Yuelu,3.3739,1.791,2.9456,353,112.929,28.203,inf
1340,9,era1,Furong,4.7841,1.1256,3.3703,353,113.0059,28.2289,inf
1066,14,era3,Tianxin,2.4303,1.7553,2.387,355,112.973,28.1031,inf
1369,38,era2,Furong,9.3822,2.2614,6.6404,356,113.0099,28.1747,inf
1322,5,era2,Tianxin,2.3262,1.1067,1.9578,357,113.0044,28.1477,inf
631,67,era2,Yuelu,11.3593,3.4247,8.4313,358,112.9183,28.176,inf
1166,92,era1,Furong,15.1255,1.4557,9.4563,359,112.9847,28.1841,inf
1235,32,era3,Tianxin,2.5364,1.9352,2.5501,360,112.9938,28.1253,inf
1416,14,era1,Furong,5.9111,1.8023,4.3989,360,113.0155,28.2017,inf
1487,46,era2,Yuhua,6.9716,1.1479,4.6305,362,113.0248,28.152,inf
849,8,era2,Yuelu,3.9988,1.8122,3.314,363,112.9448,28.2343,inf
1233,7,era3,Tianxin,1.0055,0.498,0.8574,364,112.9936,28.1163,inf
1101,57,era2,Kaifu,7.1232,0.8083,4.5233,364,112.9759,28.261,inf
1239,14,era2,Tianxin,6.4761,2.3133,5.0126,366,112.9941,28.1434,inf
708,20,era3,Yuelu,4.9502,2.8286,4.4363,367,112.9281,28.1533,inf
1162,11,era2,Tianxin,4.6147,1.2524,3.346,368,112.9843,28.1661,inf
1496,8,era2,Furong,4.9326,2.2022,4.069,369,113.0256,28.1925,inf
1527,8,era2,Yuhua,2.1947,1.0875,1.8718,370,113.0298,28.1474,inf
1363,15,era1,Tianxin,3.3364,1.0215,2.4853,371,113.0094,28.1477,inf
681,58,era2,Yuelu,6.5026,1.7763,4.7215,371,112.9241,28.2166,inf
751,33,era2,Yuelu,6.8133,2.5868,5.3609,373,112.9333,28.1623,inf
1003,14,era1,Tianxin,13.8379,3.9334,10.135,374,112.9644,28.1889,inf
1172,52,era1,Furong,10.1411,2.952,7.467,375,112.9852,28.2112,inf
1093,26,era1,Furong,9.3907,1.6928,6.3209,376,112.9752,28.2249,inf
843,44,era2,Yuelu,8.6834,2.8481,6.5764,377,112.9443,28.2073,inf
1616,10,era2,Furong,4.7125,2.4035,4.0583,378,113.0406,28.1788,inf
1452,61,era2,Furong,11.1197,0.9445,6.8802,378,113.0202,28.1791,inf
1138,2,era2,Furong,0.8328,0.6885,0.8676,380,112.9807,28.2428,inf
1088,61,era1,Furong,13.3897,2.2784,8.9355,381,112.9748,28.2023,inf
836,2,era2,Tianxin,1.8578,0.9862,1.6219,382,112.9438,28.1757,inf
878,1,era3,Tianxin,0.1725,0.2849,0.2608,383,112.9489,28.1801,inf
1459,7,era2,Furong,4.1097,2.0979,3.5402,384,113.0208,28.2107,inf
995,86,era2,Tianxin,13.8641,2.6636,9.4257,385,112.9637,28.1528,inf
1000,4,era1,Tianxin,3.4439,1.0875,2.5843,386,112.9641,28.1754,inf
644,14,era3,Yuelu,1.9824,1.0028,1.7025,387,112.9194,28.2347,inf
604,4,era3,Yuelu,0.6333,0.8845,0.8656,388,112.9144,28.2393,inf
283,52,era3,Yuelu,4.8222,5.7754,6.0438,389,112.8742,28.2714,inf
1454,3,era1,Furong,3.0745,0.9709,2.3071,390,113.0204,28.1881,inf
1323,20,era2,Tianxin,5.4875,1.1998,3.8138,391,113.0044,28.1523,inf
1405,43,era1,Tianxin,8.5904,1.0506,5.4983,392,113.0146,28.1521,inf
1150,22,era3,Tianxin,2.5658,2.221,2.7299,393,112.9833,28.1119,inf
793,10,era2,Yuelu,3.2803,1.4302,2.6864,394,112.9385,28.1667,inf
1366,35,era1,Tianxin,6.549,1.2281,4.4353,395,113.0097,28.1612,inf
1216,28,era1,Furong,6.8092,0.3943,4.1081,396,112.9905,28.2246,inf
1215,8,era1,Furong,3.8827,1.6807,3.1728,397,112.9904,28.2201,inf
1183,8,era3,Kaifu,0.6878,1.1356,1.0399,398,112.9861,28.2608,inf
516,55,era2,Yuelu,8.7993,2.8034,6.617,399,112.9037,28.2123,inf
880,10,era2,Tianxin,4.2198,1.3706,3.1882,400,112.9491,28.1891,inf
1370,34,era2,Furong,8.4717,2.1145,6.0373,401,113.01,28.1792,inf
1540,7,era2,Furong,2.5825,1.0222,2.0558,402,113.0309,28.206,inf
1457,8,era1,Furong,4.5319,1.2646,3.3057,403,113.0206,28.2016,inf
890,1,era2,Kaifu,2.2293,1.1834,1.9463,404,112.9499,28.2343,inf
1234,81,era3,Tianxin,5.6467,0.7537,3.6501,405,112.9937,28.1208,inf
1044,33,era1,Tianxin,8.9325,1.9067,6.1816,406,112.9695,28.1889,inf
1192,18,era3,Tianxin,1.2305,0.8767,1.2018,407,112.9885,28.1164,inf
323,32,era3,Yuelu,6.0508,2.7162,4.9998,408,112.8792,28.2668,inf
269,2,era3,Yuelu,0.2144,0.3539,0.3241,409,112.8731,28.2083,inf
713,12,era2,Yuelu,3.0796,1.4591,2.5884,410,112.9285,28.1759,inf
1130,11,era1,Furong,5.0257,0.9359,3.3999,411,112.98,28.2068,inf
571,120,era3,Yuelu,4.5331,0.123,2.6554,412,112.9099,28.2754,inf
727,3,era3,Yuelu,0.2887,0.4766,0.4364,413,112.9296,28.2391,inf
1365,10,era1,Tianxin,3.4983,1.046,2.5916,414,113.0096,28.1567,inf
791,83,era2,Yuelu,11.9974,3.847,9.0361,415,112.9384,28.1577,inf
477,68,era2,Yuelu,11.0772,4.0365,8.6194,416,112.8988,28.2214,inf
1143,2,era2,Kaifu,1.7609,0.9348,1.5373,417,112.9811,28.2654,inf
956,16,era2,Tianxin,4.3922,1.544,3.3854,418,112.9588,28.1619,inf
530,15,era3,Yuelu,0.9554,1.2033,1.2311,419,112.9048,28.2755,inf
361,1,era3,Yuelu,0.1164,0.1921,0.1759,419,112.884,28.2532,inf
768,5,era2,Yuelu,1.0954,0.683,1.0142,421,112.9347,28.239,inf
1575,12,era2,Furong,2.9515,1.1903,2.3621,422,113.0355,28.1789,inf
804,37,era2,Yuelu,8.7777,2.0154,6.1553,423,112.9394,28.2164,inf
1615,31,era2,Furong,4.2828,1.0373,3.0341,424,113.0405,28.1743,inf
1500,29,era2,Furong,4.4349,0.3427,2.7247,424,113.0259,28.2106,inf
1257,4,era1,Furong,2.0322,0.4721,1.4282,426,112.9956,28.2246,inf
1406,11,era1,Tianxin,6.6111,1.757,4.7723,426,113.0147,28.1566,inf
669,18,era2,Yuelu,3.1797,1.3123,2.5618,428,112.9232,28.1624,inf
1095,34,era2,Furong,7.7975,1.9331,5.5494,429,112.9754,28.2339,inf
1404,41,era1,Tianxin,7.5069,1.8267,5.3229,430,113.0145,28.1476,inf
1008,7,era1,Yuelu,3.278,0.9812,2.429,431,112.9648,28.2115,inf
1446,17,era1,Tianxin,5.2899,1.2861,3.7503,432,113.0197,28.152,inf
789,5,era2,Yuelu,2.5907,1.2615,2.1969,433,112.9382,28.1487,inf
1081,14,era1,Furong,4.6736,1.1474,3.3197,433,112.9742,28.1707,inf
1042,47,era1,Tianxin,9.1699,1.2054,5.917,435,112.9693,28.1798,inf
394,23,era3,Yuelu,1.5292,1.2688,1.5957,436,112.8885,28.2171,inf
482,3,era3,Yuelu,0.4101,0.4183,0.4724,437,112.8992,28.244,inf
350,18,era3,Yuelu,1.8421,1.0658,1.6584,438,112.8832,28.2036,inf
241,16,era3,Yuelu,1.7271,2.4065,2.3574,439,112.869,28.267,inf
309,7,era3,Yuelu,0.8268,0.5046,0.7593,440,112.8781,28.2037,inf
803,1,era3,Yuelu,0.0925,0.1528,0.1399,441,112.9393,28.2118,inf
1560,1,era3,Yuhua,0.0943,0.1557,0.1426,442,113.0342,28.1112,inf
1099,7,era2,Kaifu,2.2246,0.952,1.8116,443,112.9757,28.2519,inf
810,38,era3,Yuelu,3.2333,0.442,2.096,444,112.9399,28.2434,inf
1646,3,era3,Yuhua,0.4044,0.3486,0.4295,445,113.0447,28.1291,inf
1043,56,era1,Tianxin,10.0285,1.0179,6.2997,446,112.9694,28.1843,inf
1325,29,era1,Tianxin,5.6613,1.0516,3.8284,447,113.0046,28.1613,inf
652,30,era3,Yuelu,2.6566,0.5903,1.8517,448,112.92,28.2708,inf
1085,194,era1,Furong,12.5633,1.4901,8.0146,449,112.9746,28.1888,inf
1211,17,era1,Furong,4.8542,0.8465,3.2511,450,112.9901,28.2021,inf
435,2,era2,Yuelu,1.8998,1.0085,1.6586,451,112.8936,28.217,inf
1207,16,era1,Furong,7.1578,1.1705,4.7497,452,112.9898,28.184,inf
481,21,era3,Yuelu,2.5787,1.8975,2.5528,453,112.8991,28.2395,inf
1499,19,era2,Furong,2.8758,0.2763,1.7977,454,113.0258,28.2061,inf
1278,18,era2,Tianxin,2.744,0.7263,1.9791,455,112.999,28.1343,inf
1296,7,era3,Furong,0.95,0.8645,1.0348,456,113.0005,28.2155,inf
1537,11,era2,Furong,2.1433,0.6065,1.5682,457,113.0306,28.1925,inf
654,20,era3,Yuelu,1.2385,0.7896,1.1566,458,112.9202,28.2798,inf
1321,1,era1,Tianxin,1.0558,0.3334,0.7923,459,113.0043,28.1432,inf
630,21,era2,Yuelu,5.4572,1.9608,4.2305,460,112.9182,28.1715,inf
1419,17,era2,Furong,3.0618,1.0713,2.3571,461,113.0158,28.2153,inf
645,25,era3,Yuelu,1.8396,0.5212,1.3464,462,112.9194,28.2392,inf
639,15,era2,Yuelu,3.8994,1.1264,2.8662,463,112.919,28.2121,inf
996,33,era2,Tianxin,6.0917,1.9021,4.5589,464,112.9638,28.1574,inf
1438,1,era2,Tianxin,1.0538,0.5594,0.92,465,113.019,28.1159,inf
1407,1,era3,Tianxin,0.0749,0.0874,0.0925,466,113.0148,28.1611,inf
242,148,era3,Yuelu,3.1303,0.6627,2.1632,467,112.8691,28.2715,inf
840,12,era2,Tianxin,2.2513,1.0823,1.9012,468,112.9441,28.1937,inf
853,7,era2,Kaifu,1.1976,0.584,1.0161,469,112.9452,28.2524,inf
753,27,era2,Yuelu,5.3166,1.3627,3.8092,470,112.9335,28.1713,inf
691,4,era3,Yuelu,0.2897,0.4489,0.4212,471,112.9249,28.2617,inf
814,36,era3,Yuelu,2.1482,0.2616,1.3743,471,112.9402,28.2615,inf
400,35,era3,Yuelu,2.1577,2.3639,2.5787,473,112.889,28.2441,inf
1539,5,era1,Furong,1.8688,0.4583,1.3271,474,113.0308,28.2015,inf
706,14,era3,Yuelu,1.2674,0.5901,1.0593,474,112.9279,28.1443,inf
684,9,era3,Yuelu,0.91,0.431,0.7648,476,112.9244,28.2301,inf
611,14,era2,Yuelu,1.7128,0.4782,1.2495,477,112.9149,28.2708,inf
1260,7,era2,Furong,0.9128,0.4243,0.7626,478,112.9958,28.2381,inf
1450,28,era2,Furong,5.4934,1.0132,3.7107,479,113.02,28.1701,inf
1580,17,era2,Furong,3.7597,1.1231,2.7847,480,113.0359,28.2014,inf
1102,26,era2,Kaifu,3.3681,0.2162,2.0441,480,112.976,28.2655,inf
646,33,era3,Yuelu,1.6525,0.8978,1.4544,482,112.9195,28.2437,inf
605,35,era3,Yuelu,2.2925,0.1558,1.3963,483,112.9144,28.2438,inf
732,31,era3,Yuelu,2.4014,0.4998,1.6546,484,112.93,28.2616,inf
730,1,era3,Yuelu,0.0642,0.0749,0.0793,485,112.9299,28.2526,inf
1604,10,era3,Yuhua,0.9832,0.8209,1.0289,486,113.0395,28.1247,inf
1622,21,era2,Furong,3.9888,0.8095,2.7365,487,113.0411,28.2059,inf
997,28,era1,Tianxin,4.9273,0.9252,3.3377,488,112.9639,28.1619,inf
873,2,era1,Tianxin,1.4417,0.3977,1.049,489,112.9485,28.1576,inf
1417,15,era1,Furong,3.9556,0.9582,2.8023,490,113.0156,28.2062,inf
770,28,era3,Yuelu,2.4882,0.162,1.5114,491,112.9349,28.248,inf
1002,34,era1,Tianxin,7.0907,0.4273,4.2875,492,112.9643,28.1844,inf
1384,16,era2,Furong,3.5852,1.0042,2.6173,493,113.0112,28.2424,inf
1569,4,era3,Yuhua,0.5638,0.2859,0.4846,494,113.035,28.1518,inf
773,21,era3,Yuelu,1.553,0.5785,1.2156,495,112.9351,28.2615,inf
564,20,era3,Yuelu,1.7784,0.1237,1.0848,496,112.9093,28.2439,inf
667,52,era2,Yuelu,5.5503,1.3961,3.9615,497,112.923,28.1534,inf
1040,4,era1,Tianxin,1.588,0.3548,1.108,498,112.9691,28.1708,inf
693,22,era2,Yuelu,3.0674,0.1371,1.8275,499,112.9251,28.2707,inf
201,73,era3,Yuelu,2.0756,0.4016,1.4127,500,112.864,28.2716,inf
1219,1,era1,Furong,0.7979,0.252,0.5987,501,112.9908,28.2382,inf
1140,22,era3,Kaifu,1.7542,0.7016,1.4005,502,112.9808,28.2519,inf
322,32,era2,Yuelu,3.6964,0.9704,2.6615,503,112.8791,28.2623,inf
1009,1,era1,Yuelu,0.7134,0.2253,0.5353,504,112.9649,28.216,inf
1447,15,era2,Tianxin,2.6759,0.9596,2.0733,505,113.0198,28.1565,inf
895,3,era2,Kaifu,0.5175,0.2991,0.4657,506,112.9503,28.2568,inf
1007,4,era1,Yuelu,2.1156,0.609,1.5539,507,112.9647,28.207,inf
769,10,era3,Yuelu,0.517,0.0924,0.3476,508,112.9348,28.2435,inf
1618,16,era2,Furong,2.5704,0.0,1.4659,508,113.0407,28.1878,inf
930,20,era1,Yuelu,3.6196,1.0589,2.6681,510,112.9549,28.2297,inf
649,32,era3,Yuelu,2.0043,1.3547,1.9156,511,112.9198,28.2572,inf
598,7,era1,Yuelu,3.4169,1.4077,2.7515,511,112.9139,28.2122,inf
1542,1,era1,Furong,0.6267,0.1398,0.4371,513,113.0311,28.215,inf
187,10,era3,Yuelu,0.5416,0.294,0.4766,514,112.8629,28.2084,inf
1498,28,era2,Furong,4.6528,0.0778,2.6978,515,113.0257,28.2016,inf
1108,8,era3,Tianxin,0.4452,0.3501,0.4536,516,112.9782,28.1075,inf
973,7,era2,Kaifu,1.0367,0.3013,0.7631,517,112.9602,28.2386,inf
476,25,era2,Yuelu,4.8664,1.6385,3.7098,518,112.8987,28.2169,inf
1367,35,era2,Tianxin,5.9395,0.1085,3.4492,519,113.0098,28.1657,inf
665,24,era2,Yuelu,4.4671,1.9354,3.6513,520,112.9228,28.1444,inf
280,40,era3,Yuelu,3.1427,1.2143,2.4848,521,112.8739,28.2579,inf
733,9,era3,Yuelu,0.6985,0.4476,0.6536,522,112.9301,28.2661,inf
398,1,era3,Yuelu,0.0525,0.0,0.0299,523,112.8888,28.2351,inf
1041,30,era1,Tianxin,5.5959,0.1041,3.2507,524,112.9692,28.1753,inf
802,1,era3,Yuelu,0.0571,0.0,0.0326,524,112.9392,28.2073,inf
1383,4,era2,Furong,0.3784,0.2947,0.3839,526,113.0111,28.2379,inf
1411,7,era1,Furong,2.0751,0.4739,1.4537,527,113.0151,28.1792,inf
1561,19,era3,Yuhua,1.0682,0.4632,0.8733,528,113.0343,28.1157,inf
1033,7,era2,Tianxin,1.813,0.5528,1.3492,529,112.9686,28.1392,inf
1418,20,era2,Furong,2.6874,0.2849,1.6951,530,113.0157,28.2107,inf
1382,25,era2,Furong,3.3507,0.4615,2.1741,531,113.011,28.2334,inf
238,15,era2,Yuelu,2.3453,1.1075,1.9692,532,112.8687,28.2534,inf
1107,23,era3,Tianxin,1.7226,0.4419,1.2344,533,112.9781,28.103,inf
1089,30,era1,Furong,5.7346,0.6298,3.6296,534,112.9749,28.2068,inf
1519,6,era2,Yuhua,1.6317,0.6634,1.3089,535,113.0291,28.1113,inf
795,66,era2,Yuelu,7.5502,3.2455,6.1568,536,112.9387,28.1758,inf
1338,4,era3,Furong,0.3067,0.1348,0.2518,537,113.0057,28.2199,inf
1212,1,era2,Furong,0.629,0.3339,0.5491,538,112.9902,28.2066,inf
705,4,era3,Other,0.6225,0.693,0.7502,539,112.9279,28.1398,inf
653,34,era3,Yuelu,1.9004,0.1469,1.1676,540,112.9201,28.2753,inf
557,11,era2,Yuelu,3.5272,0.8304,2.4851,541,112.9088,28.2123,inf
364,23,era2,Yuelu,1.8736,0.8194,1.5358,542,112.8843,28.2668,inf
813,15,era3,Yuelu,1.6921,0.5756,1.2933,543,112.9401,28.257,inf
689,6,era3,Yuelu,0.3897,0.3009,0.3938,544,112.9248,28.2527,inf
664,5,era3,Other,0.3985,0.2389,0.3635,545,112.9228,28.1399,inf
367,26,era3,Yuelu,1.2178,1.5632,1.586,545,112.8845,28.2803,inf
647,26,era3,Yuelu,1.6102,0.3231,1.1026,547,112.9196,28.2482,inf
116,25,era3,Yuelu,1.355,0.7687,1.2112,548,112.8535,28.2582,inf
842,1,era1,Yuelu,0.4261,0.1346,0.3197,549,112.9443,28.2028,inf
1297,6,era3,Furong,0.7149,0.2271,0.5372,550,113.0006,28.22,inf
648,37,era3,Yuelu,2.344,0.0,1.3368,550,112.9197,28.2527,inf
1534,11,era2,Furong,1.6806,0.6087,1.3056,552,113.0304,28.1789,inf
1134,2,era1,Furong,0.9854,0.259,0.7097,553,112.9803,28.2248,inf
1373,13,era1,Furong,3.4956,0.6572,2.3683,554,113.0103,28.1928,inf
606,12,era3,Yuelu,0.6048,0.4022,0.5743,555,112.9145,28.2483,inf
1218,16,era1,Furong,3.8981,0.381,2.4404,556,112.9907,28.2337,inf
200,38,era3,Yuelu,1.1939,0.0,0.6809,557,112.8639,28.267,inf
279,21,era3,Yuelu,1.5175,1.0504,1.4645,558,112.8738,28.2534,inf
1174,5,era1,Furong,1.5229,0.2578,1.0155,559,112.9853,28.2202,inf
1488,7,era2,Yuhua,1.4148,0.4971,1.0904,560,113.0249,28.1565,inf
1501,21,era2,Furong,2.8264,0.1081,1.6735,561,113.026,28.2151,inf
363,47,era3,Yuelu,2.1919,0.1057,1.3103,562,112.8842,28.2622,inf
1610,28,era3,Yuhua,1.5006,0.1965,0.9679,563,113.0401,28.1517,inf
117,46,era3,Yuelu,2.1313,0.12,1.2839,564,112.8536,28.2627,inf
589,32,era3,Yuelu,1.2594,0.3585,0.9227,565,112.9131,28.1716,inf
158,25,era3,Yuelu,1.5699,0.2414,1.033,566,112.8587,28.2626,inf
1453,17,era1,Furong,4.0361,0.1736,2.4008,567,113.0203,28.1836,inf
1449,5,era2,Tianxin,1.3147,0.4613,1.0129,568,113.02,28.1656,inf
356,11,era3,Yuelu,0.5772,0.6257,0.686,569,112.8836,28.2307,inf
1412,5,era2,Furong,1.086,0.1103,0.6823,570,113.0152,28.1837,inf
399,14,era3,Yuelu,1.3149,1.3306,1.5087,571,112.8889,28.2396,inf
607,12,era3,Yuelu,0.8115,0.1814,0.5662,572,112.9146,28.2528,inf
692,15,era2,Yuelu,1.5552,0.0,0.8869,573,112.925,28.2662,inf
685,10,era3,Yuelu,0.3864,0.0,0.2204,574,112.9245,28.2346,inf
612,17,era3,Yuelu,1.6911,0.5877,1.2996,575,112.915,28.2754,inf
563,1,era3,Yuelu,0.045,0.0,0.0257,576,112.9093,28.2393,inf
441,14,era3,Yuelu,0.5556,0.5345,0.6217,577,112.8941,28.2441,inf
1131,7,era1,Furong,1.6733,0.1137,1.0191,578,112.9801,28.2113,inf
321,11,era2,Yuelu,1.8617,0.7311,1.4787,579,112.879,28.2578,inf
792,60,era2,Yuelu,4.0431,0.6001,2.648,580,112.9384,28.1622,inf
757,1,era2,Yuelu,0.1986,0.1054,0.1734,581,112.9338,28.1894,inf
324,18,era3,Yuelu,0.7187,0.3783,0.6256,582,112.8792,28.2713,inf
690,14,era3,Yuelu,1.209,0.204,0.8059,582,112.9249,28.2572,inf
1562,1,era3,Yuhua,0.0415,0.0,0.0237,584,113.0344,28.1202,inf
1122,12,era1,Furong,2.7252,0.486,1.8314,585,112.9793,28.1707,inf
1617,15,era2,Furong,2.2804,0.0,1.3005,585,113.0407,28.1833,inf
957,1,era2,Tianxin,0.2016,0.107,0.176,587,112.9589,28.1664,inf
1048,24,era2,Yuelu,4.7252,1.0018,3.2661,588,112.9698,28.2069,inf
406,4,era2,Yuelu,0.6535,0.3223,0.5565,589,112.8894,28.2712,inf
1082,17,era1,Furong,3.4734,0.1155,2.0468,590,112.9743,28.1752,inf
281,13,era3,Yuelu,0.4133,0.2368,0.3707,591,112.874,28.2624,inf
651,15,era3,Yuelu,0.8626,0.0,0.4919,592,112.9199,28.2663,inf
650,22,era3,Yuelu,0.7003,0.1193,0.4674,593,112.9199,28.2618,inf
1603,6,era3,Yuhua,0.2062,0.1141,0.1827,594,113.0395,28.1202,inf
1538,5,era2,Furong,0.8874,0.0777,0.5504,595,113.0307,28.197,inf
365,22,era3,Yuelu,0.8153,0.2136,0.5868,596,112.8843,28.2713,inf
449,26,era2,Yuelu,1.6664,0.3007,1.1218,597,112.8947,28.2802,inf
320,6,era2,Yuelu,0.7686,0.4838,0.7142,598,112.8789,28.2533,inf
1005,11,era1,Tianxin,2.8602,0.3471,1.8291,599,112.9645,28.1979,inf
632,74,era2,Yuelu,2.0955,0.1468,1.2788,600,112.9184,28.1806,inf
1284,18,era1,Tianxin,3.3937,0.1815,2.0389,600,112.9995,28.1613,inf
1170,10,era1,Furong,1.8214,0.3445,1.2352,602,112.985,28.2022,inf
855,3,era3,Kaifu,0.1083,0.0,0.0618,603,112.9453,28.2614,inf
240,7,era2,Yuelu,1.307,0.5534,1.061,604,112.8689,28.2625,inf
1445,1,era2,Tianxin,0.2174,0.0815,0.1705,605,113.0196,28.1475,inf
955,21,era2,Tianxin,2.7041,0.5406,1.8505,606,112.9587,28.1574,inf
877,3,era2,Tianxin,0.3946,0.2698,0.3789,607,112.9489,28.1756,inf
1409,5,era1,Furong,1.29,0.1063,0.7963,608,113.015,28.1701,inf
196,6,era3,Yuelu,0.1577,0.0,0.0899,609,112.8636,28.249,inf
666,23,era2,Yuelu,3.1067,0.9457,2.3111,610,112.9229,28.1489,inf
1568,4,era2,Yuhua,0.4349,0.0,0.248,611,113.0349,28.1473,inf
1362,2,era2,Tianxin,0.4194,0.1235,0.3096,612,113.0094,28.1432,inf
277,7,era3,Yuelu,0.2429,0.2659,0.2902,613,112.8737,28.2443,inf
731,1,era3,Yuelu,0.0304,0.0,0.0173,614,112.93,28.2571,inf
1073,3,era1,Tianxin,0.445,0.4152,0.4905,615,112.9736,28.1347,inf
75,1,era3,Yuelu,0.0259,0.0,0.0148,616,112.8484,28.2582,inf
186,6,era2,Yuelu,0.5267,0.0,0.3004,617,112.8628,28.2039,inf
1256,9,era2,Furong,1.9924,0.4546,1.3955,618,112.9955,28.2201,inf
609,2,era3,Yuelu,0.0479,0.0,0.0273,619,112.9148,28.2618,inf
608,18,era3,Yuelu,0.8213,0.1438,0.5504,620,112.9147,28.2573,inf
1092,6,era1,Furong,1.2616,0.0,0.7195,621,112.9751,28.2204,inf
1298,7,era2,Furong,1.2202,0.0,0.6959,621,113.0007,28.2245,inf
362,12,era3,Yuelu,0.4406,0.0,0.2513,623,112.8841,28.2577,inf
490,1,era3,Yuelu,0.0187,0.0,0.0107,624,112.8998,28.2801,inf
36,7,era3,Yuelu,0.1025,0.0,0.0585,625,112.8435,28.2673,inf
197,2,era3,Yuelu,0.1006,0.0,0.0574,626,112.8636,28.2535,inf
408,19,era3,Yuelu,0.3347,0.0,0.1909,627,112.8896,28.2802,inf
829,25,era2,Tianxin,1.5676,0.0,0.894,628,112.9432,28.1441,inf
448,7,era3,Yuelu,0.2053,0.0,0.1171,629,112.8946,28.2756,inf
854,7,era2,Kaifu,0.5583,0.0,0.3184,630,112.9452,28.2569,inf
366,13,era3,Yuelu,0.4088,0.0,0.2331,631,112.8844,28.2758,inf
1478,3,era2,Yuhua,0.2049,0.0,0.1169,632,113.024,28.1114,inf
239,14,era2,Yuelu,0.9063,0.1075,0.5782,633,112.8688,28.2579,inf
77,33,era2,Yuelu,0.7299,0.0,0.4163,634,112.8486,28.2672,inf
34,15,era3,Yuelu,0.2367,0.0,0.135,635,112.8433,28.2583,inf
1533,3,era1,Furong,0.6964,0.0,0.3972,636,113.0303,28.1744,inf
1408,10,era1,Tianxin,2.144,0.3288,1.4103,637,113.0149,28.1656,inf
850,8,era2,Yuelu,1.0837,0.0,0.618,638,112.9449,28.2388,inf
799,2,era2,Yuelu,0.8897,0.4718,0.7765,639,112.939,28.1938,inf
439,1,era3,Yuelu,0.0022,0.0,0.0013,640,112.8939,28.235,inf
76,21,era2,Yuelu,0.646,0.0,0.3684,641,112.8485,28.2627,inf
1486,6,era2,Yuhua,0.1928,0.1008,0.1674,642,113.0247,28.1474,inf
407,12,era3,Yuelu,0.5151,0.0,0.2938,643,112.8895,28.2757,inf
35,9,era3,Yuelu,0.1879,0.0,0.1072,644,112.8434,28.2628,inf
547,3,era2,Yuelu,0.4375,0.1085,0.3114,645,112.908,28.1672,inf
199,12,era3,Yuelu,0.3239,0.0,0.1847,646,112.8638,28.2625,inf
879,3,era3,Tianxin,0.0179,0.0,0.0102,647,112.949,28.1846,inf
610,3,era3,Yuelu,0.1281,0.0,0.0731,648,112.9148,28.2663,inf
1448,7,era2,Tianxin,0.9924,0.2829,0.7273,649,113.0199,28.161,inf
841,2,era2,Tianxin,0.0779,0.0,0.0444,650,112.9442,28.1982,inf
673,5,era2,Yuelu,1.2094,0.5426,0.9992,651,112.9235,28.1805,inf
1687,1,era2,Yuhua,0.1252,0.0,0.0714,652,113.0498,28.129,inf
590,2,era2,Yuelu,0.296,0.1213,0.238,652,112.9132,28.1761,inf
591,21,era2,Yuelu,0.5254,0.0,0.2996,654,112.9133,28.1806,inf
404,5,era2,Yuelu,0.358,0.0,0.2042,655,112.8893,28.2622,inf
278,2,era2,Yuelu,0.2157,0.0,0.123,656,112.8738,28.2489,inf
771,1,era2,Yuelu,0.1261,0.0,0.0719,657,112.935,28.2525,inf
834,1,era2,Tianxin,0.1351,0.0,0.077,658,112.9436,28.1667,inf
1579,4,era2,Furong,0.1543,0.0,0.088,659,113.0358,28.1969,inf
1252,5,era1,Furong,0.5778,0.0,0.3295,660,112.9952,28.202,inf
1570,2,era2,Yuhua,0.2227,0.1095,0.1895,661,113.0351,28.1563,inf
835,3,era2,Tianxin,0.1213,0.0,0.0692,662,112.9437,28.1712,inf
1299,2,era1,Furong,0.3049,0.0,0.1739,663,113.0008,28.229,inf
237,1,era1,Yuelu,0.1272,0.0,0.0725,664,112.8687,28.2489,inf
926,1,era1,Yuelu,0.0073,0.0,0.0042,665,112.9546,28.2116,inf
523,1,era2,Yuelu,0.0543,0.0,0.031,666,112.9042,28.2439,inf
1316,2,era2,Tianxin,0.338,0.1777,0.2941,667,113.0038,28.1207,inf
1181,1,era2,Kaifu,0.0005,0.0,0.0003,668,112.9859,28.2518,inf
954,1,era2,Tianxin,0.0259,0.0,0.0148,669,112.9586,28.1529,inf
1423,1,era2,Furong,0.0007,0.0,0.0004,670,113.0161,28.2333,inf
856,1,era2,Kaifu,0.005,0.0,0.0029,671,112.9454,28.2659,inf
