grid_id,building_count,dominant_era,district,total_floor_area_m2,mean_solar_score,R5_savings_GWh,annual_pv_GWh,co2_avoided_kt,climate_delta,solar_score_norm,retrofit_score_norm,carbon_score_norm,climate_score_norm,integrated_score,rank_integrated,in_p1_priority,centroid_lon,centroid_lat
933,19,era2,Kaifu,515408.2700,60.4569,26.1421,7.2014,19.0158,0.0507,97.4700,94.6300,95.5300,71.6800,91.0700,1,True,112.9552,28.2432
316,30,era3,Yuelu,667848.3100,60.4115,15.9516,8.5395,13.9673,0.0463,97.3200,86.1400,88.9700,88.9700,90.6300,2,True,112.8786,28.2353
1315,3,era1,Tianxin,330512.7700,65.5859,14.7508,12.8239,15.7258,0.0506,99.5500,83.6100,91.8000,71.9800,87.7000,3,True,113.0038,28.1162
353,3,era3,Yuelu,348853.3200,70.2667,8.1981,10.7404,10.8006,0.0462,99.8500,66.7700,83.0100,98.5800,86.3000,4,True,112.8834,28.2171
354,10,era3,Yuelu,373384.8600,55.0725,8.7745,14.4873,13.2662,0.0462,93.2900,69.4500,87.9300,98.5800,86.1200,5,True,112.8835,28.2217
275,31,era3,Yuelu,405771.6200,60.1478,9.5356,8.0950,10.0547,0.0462,97.1700,72.5800,80.9200,95.0800,86.1200,5,True,112.8735,28.2353
357,16,era3,Yuelu,411653.4000,59.4028,9.6739,6.3710,9.1504,0.0462,96.4200,73.6200,79.2800,95.4500,85.9600,7,True,112.8837,28.2352
883,26,era1,Yuelu,383194.0500,54.0421,42.4726,4.5467,26.8151,0.0558,91.2100,98.6600,98.6600,44.1100,85.5200,8,True,112.9494,28.2027
929,30,era1,Yuelu,551142.7400,52.5355,65.4963,3.9049,39.5795,0.0559,88.0800,99.2500,99.2500,42.3200,84.5100,9,False,112.9549,28.2252
1004,15,era1,Tianxin,1093993.8300,58.5503,134.4190,7.7139,81.0584,0.0562,95.8300,99.8500,99.8500,28.9100,84.4600,10,False,112.9645,28.1934
315,57,era3,Yuelu,369522.3800,52.2638,9.4184,10.7249,11.4877,0.0466,87.6300,72.2800,84.8000,87.3300,82.4000,11,False,112.8785,28.2307
790,13,era2,Yuelu,251924.4700,53.4367,15.2724,9.5596,14.1617,0.0538,90.1600,85.1000,89.4200,58.8700,82.2400,12,False,112.9383,28.1532
274,30,era3,Yuelu,359579.7500,57.0965,8.4501,5.2913,7.8367,0.0462,94.9300,67.5100,74.2200,92.7700,82.1300,13,True,112.8734,28.2308
832,24,era2,Tianxin,246738.1300,53.1966,14.5000,7.1400,12.3413,0.0528,89.7200,83.3100,86.7400,63.4900,81.9600,14,True,112.9434,28.1576
833,45,era2,Tianxin,296837.0300,49.7952,20.1310,8.3013,16.2149,0.0542,82.7100,89.7200,92.4000,57.8200,81.7700,15,False,112.9435,28.1622
1164,12,era1,Furong,242868.3400,55.4386,27.7256,1.9465,16.9220,0.0562,93.4400,95.0800,93.5900,29.8100,81.2400,16,True,112.9845,28.1751
317,39,era3,Yuelu,398347.4200,52.6777,9.3612,2.8063,6.9391,0.0462,88.8200,71.6800,70.4900,94.3400,81.1200,17,True,112.8787,28.2398
972,19,era3,Kaifu,177710.4700,52.4249,13.4789,4.7057,10.3707,0.0528,87.7800,81.8200,82.4100,63.0400,79.9700,18,True,112.9601,28.2341
1132,12,era1,Furong,1017388.6300,53.2840,75.8950,7.0626,47.3107,0.0562,89.8700,99.5500,99.5500,15.7200,79.8800,19,True,112.9802,28.2158
355,11,era3,Yuelu,288424.1700,53.4460,6.7780,10.8651,10.0619,0.0462,90.4600,61.2500,81.2200,89.2700,79.6100,20,False,112.8836,28.2262
889,24,era2,Yuelu,607532.7800,56.6546,58.6261,4.1749,35.8154,0.0562,94.1900,99.1100,99.1100,8.6400,79.5400,21,True,112.9498,28.2297
1124,5,era2,Furong,147961.2600,54.1222,16.0942,5.3249,12.2153,0.0558,91.3600,86.2900,86.2900,43.3700,79.2300,22,True,112.9795,28.1797
352,25,era3,Yuelu,214162.0500,55.0506,7.5342,8.0842,8.9072,0.0487,93.1400,63.3400,78.2400,80.0300,78.6000,23,True,112.8833,28.2126
807,17,era3,Yuelu,222483.4100,53.4390,9.1642,5.3101,8.2547,0.0498,90.3100,71.2400,75.7100,74.8100,78.5700,24,True,112.9397,28.2299
1223,18,era3,Kaifu,247616.0600,54.2421,6.6572,7.8890,8.2957,0.0469,91.6500,60.5100,75.8600,86.5900,78.1400,25,True,112.9911,28.2562
722,50,era2,Yuelu,319769.0200,46.3392,24.3761,4.2181,16.3073,0.0536,64.0800,93.7400,92.7000,59.6100,77.8100,26,False,112.9292,28.2165
750,51,era2,Yuelu,318299.7100,46.8625,14.8939,10.2983,14.3671,0.0511,68.1100,84.0500,89.5700,70.0400,77.5700,27,True,112.9333,28.1578
396,15,era3,Yuelu,205841.5700,52.9659,7.7691,7.8851,8.9276,0.0492,89.2700,64.6800,78.3900,77.6500,77.3900,28,True,112.8886,28.2261
392,28,era3,Yuelu,221179.2300,49.5666,9.6185,7.9534,10.0213,0.0504,81.9700,73.1700,80.7700,73.0300,77.3000,29,False,112.8883,28.2080
228,9,era3,Yuelu,205073.6400,55.5599,4.8192,7.7060,7.1431,0.0462,93.7400,50.9700,71.2400,97.3200,77.1200,30,True,112.8680,28.2083
1171,34,era1,Furong,194372.8900,47.9765,21.8361,4.1646,14.8282,0.0557,74.9600,90.9100,90.1600,45.4500,76.8800,31,False,112.9851,28.2067
1156,31,era2,Tianxin,175750.6700,50.5457,14.6023,6.0429,11.7739,0.0557,84.6500,83.4600,85.6900,45.7500,76.7200,32,True,112.9838,28.1390
434,34,era2,Yuelu,215394.9200,48.7004,10.1079,7.4605,10.0193,0.0510,78.8400,74.6600,80.6300,70.3400,76.2400,33,False,112.8935,28.2125
560,42,era2,Yuelu,226307.0500,48.2381,11.2492,7.2284,10.5378,0.0517,76.0100,78.0900,82.5600,67.3600,76.2100,34,True,112.9090,28.2258
1204,49,era1,Furong,251413.2500,46.7630,30.8911,5.3145,20.6481,0.0562,66.9200,97.0200,96.5700,38.1500,76.1300,35,False,112.9895,28.1705
1410,61,era2,Furong,364083.8800,46.7811,30.2689,7.3557,21.4573,0.0562,67.2100,96.1300,97.6200,37.8500,76.1000,36,False,113.0150,28.1747
839,28,era2,Tianxin,220708.8300,51.2604,21.9533,8.1657,17.1769,0.0562,85.8400,91.0600,93.8900,21.0100,76.0500,37,True,112.9440,28.1892
1087,39,era1,Furong,1410067.6600,46.2191,172.9227,10.2387,104.4569,0.0562,62.7400,100.0000,100.0000,35.8400,75.9900,38,False,112.9747,28.1978
1601,4,era2,Yuhua,133000.6100,65.1889,7.7722,5.1604,7.3755,0.0534,99.2500,64.8300,72.4300,60.3600,75.7800,39,True,113.0393,28.1111
797,22,era2,Yuelu,135887.6700,52.1991,11.9027,5.2495,9.7819,0.0555,87.3300,78.8400,80.1800,48.7300,75.6300,40,True,112.9388,28.1848
710,42,era2,Yuelu,212389.2500,47.8017,15.2578,6.7682,12.5614,0.0548,73.6200,84.9500,87.0300,53.0600,75.5900,41,False,112.9283,28.1624
312,3,era3,Yuelu,174743.1300,57.4672,4.1065,6.6917,6.1582,0.0462,95.0800,46.5000,65.1300,99.8500,75.4700,42,False,112.8783,28.2172
310,13,era3,Yuelu,227921.8000,51.8862,5.5175,8.3944,7.9340,0.0463,86.7400,54.4000,74.6600,88.8200,75.0400,43,False,112.8781,28.2082
1113,18,era2,Tianxin,168017.6800,51.4101,8.7875,4.8949,7.8031,0.0522,86.1400,69.7500,74.0700,65.7200,74.7200,44,True,112.9786,28.1301
1050,27,era1,Yuelu,191694.1900,49.5579,23.5535,3.3568,15.3469,0.0562,81.6700,92.7000,90.9100,21.0100,74.6900,45,False,112.9700,28.2159
671,48,era2,Yuelu,197177.3100,48.7084,14.1888,6.4349,11.7617,0.0558,78.9900,83.0100,85.5400,44.7100,74.6500,46,False,112.9233,28.1715
478,23,era2,Yuelu,184461.1500,48.7624,9.4676,6.4142,9.0574,0.0520,79.1400,72.4300,78.9900,66.6200,74.5900,47,False,112.8988,28.2259
548,21,era2,Yuelu,142143.2300,52.0727,9.5412,5.0451,8.3186,0.0545,87.0300,72.7300,76.1500,56.0400,74.3700,48,False,112.9081,28.1717
884,81,era1,Yuelu,350973.4100,46.0729,39.6266,4.5352,25.1855,0.0562,61.4000,98.5100,98.3600,33.1600,74.2800,49,False,112.9494,28.2072
1046,32,era1,Tianxin,320785.8100,46.1076,38.9739,2.2473,23.5085,0.0562,62.0000,98.3600,97.7600,32.1900,74.1000,50,False,112.9696,28.1979
1274,6,era3,Tianxin,160624.0200,57.9397,4.8609,5.8676,6.1185,0.0476,95.6800,51.4200,64.6800,83.0100,73.6700,51,True,112.9987,28.1162
1276,3,era2,Tianxin,94108.9000,56.7528,7.1996,3.6514,6.1883,0.0519,94.3400,62.7400,65.7200,66.9200,73.6500,52,True,112.9988,28.1253
558,54,era2,Yuelu,280729.4100,46.3008,22.0165,9.2205,17.8144,0.0561,63.6400,91.3600,94.6300,40.2400,73.4700,53,False,112.9089,28.2168
1320,24,era2,Tianxin,158409.7700,48.7909,11.3396,2.8256,8.0784,0.0546,79.4300,78.3900,75.4100,55.1400,73.4600,54,True,113.0042,28.1387
559,63,era2,Yuelu,382695.0500,44.9333,35.5612,7.0295,24.2895,0.0557,50.8200,97.9100,98.0600,45.6000,73.3500,55,False,112.9089,28.2213
1530,12,era2,Yuhua,210636.1400,51.0415,15.7441,7.9103,13.4901,0.0562,85.3900,85.5400,88.2300,21.0100,73.1300,56,True,113.0301,28.1609
1324,33,era2,Tianxin,185978.7000,47.2963,16.5663,6.0878,12.9196,0.0561,71.2400,87.3300,87.4800,39.7900,73.0300,57,False,113.0045,28.1568
1097,6,era1,Furong,171375.7700,52.8755,21.0569,3.0321,13.7380,0.0562,89.1200,90.1600,88.6700,7.3800,72.9900,58,False,112.9756,28.2429
436,13,era2,Yuelu,143000.7800,50.5115,9.6271,5.3583,8.5461,0.0551,84.5000,73.3200,76.7500,51.2700,72.9500,59,True,112.8937,28.2215
437,35,era2,Yuelu,210753.5800,46.5741,13.0784,7.2683,11.6037,0.0541,66.6200,81.0700,85.1000,58.1200,72.9500,59,False,112.8937,28.2260
311,22,era3,Yuelu,153034.3500,54.5136,4.9563,5.5646,6.0001,0.0481,92.4000,52.4600,63.3400,81.9700,72.5200,61,True,112.8782,28.2127
808,12,era2,Yuelu,170645.1000,52.5948,6.7477,3.3645,5.7670,0.0496,88.6700,61.1000,61.5500,75.7100,72.3800,62,True,112.9397,28.2344
157,1,era3,Yuelu,132099.1700,67.9616,3.1043,5.1254,4.6934,0.0462,99.7000,39.2000,55.5900,97.8400,72.3600,63,True,112.8586,28.2581
1157,23,era2,Tianxin,158410.9000,48.7907,10.4338,3.0410,7.6847,0.0546,79.2800,75.8600,73.6200,54.8400,72.2300,64,True,112.9839,28.1435
796,38,era1,Yuelu,218291.8000,47.4077,21.5243,7.9203,16.7922,0.0562,71.8300,90.7600,93.4400,23.4700,72.1600,65,False,112.9388,28.1803
1137,28,era1,Furong,149762.7800,47.8657,16.3154,4.7485,12.0127,0.0562,74.2200,86.8900,85.9900,33.1600,72.1600,65,False,112.9806,28.2383
725,11,era3,Yuelu,166893.8200,53.5652,4.6029,6.0243,6.0607,0.0471,90.7600,49.6300,64.0800,85.3900,72.0100,67,True,112.9295,28.2300
670,45,era2,Yuelu,177147.8100,49.0179,15.2963,5.6473,11.9441,0.0562,80.3300,85.2500,85.8400,23.4700,71.5400,68,False,112.9232,28.1670
747,22,era3,Yuelu,147209.7600,51.0782,6.2135,4.6872,6.2166,0.0501,85.5400,58.8700,65.8700,74.0700,71.3100,69,True,112.9330,28.1443
1155,26,era2,Tianxin,139469.5700,50.6419,7.5609,3.7964,6.4771,0.0520,84.8000,63.6400,67.3600,66.3200,71.2700,70,False,112.9837,28.1345
1197,41,era2,Tianxin,209853.3600,46.1142,16.7606,6.5129,13.2729,0.0558,62.1500,87.6300,88.0800,43.5200,71.2500,71,False,112.9889,28.1389
519,47,era2,Yuelu,201311.7000,46.1668,12.9980,5.8023,10.7218,0.0541,62.4400,80.9200,82.8600,57.9700,71.1700,72,False,112.9039,28.2259
1136,31,era1,Furong,188755.4500,48.6489,22.4608,6.5367,16.5373,0.0562,78.5400,91.9500,93.1400,6.7800,71.1300,73,False,112.9805,28.2338
518,73,era2,Yuelu,244374.7300,45.5308,19.2416,6.5345,14.7001,0.0557,56.6300,89.2700,90.0100,46.2000,71.0100,74,False,112.9038,28.2214
974,4,era3,Kaifu,109796.6400,63.8348,4.7769,4.1218,5.0750,0.0504,98.6600,50.6700,57.8200,72.8800,70.9400,75,True,112.9603,28.2431
1290,52,era1,Furong,284981.1200,46.2479,35.0156,8.6521,24.9037,0.0562,63.0400,97.7600,98.2100,14.2300,70.7300,76,False,113.0000,28.1884
893,34,era2,Kaifu,234093.9200,45.4975,15.1774,7.3267,12.8341,0.0546,56.1800,84.5000,87.3300,54.6900,70.6100,77,False,112.9502,28.2478
1497,3,era2,Furong,115324.8400,57.7753,8.5105,4.4112,7.3692,0.0562,95.5300,68.2600,72.2800,35.0200,70.6000,78,False,113.0256,28.1971
1214,2,era1,Furong,91000.9400,61.1911,11.1813,3.5308,8.3903,0.0562,97.7600,77.9400,76.4500,12.3700,70.4700,79,True,112.9903,28.2156
1236,22,era3,Tianxin,129184.2800,47.8147,9.5528,3.1521,7.2456,0.0534,73.7700,72.8800,71.8300,60.5100,70.4600,80,False,112.9938,28.1298
1201,68,era1,Tianxin,239465.5800,45.0633,28.8939,6.6791,20.2873,0.0562,52.0100,95.3800,96.1300,35.0200,70.4500,81,False,112.9893,28.1570
1492,49,era2,Furong,169533.6200,46.8565,14.9746,4.8867,11.3269,0.0561,67.9600,84.2000,84.0500,39.4900,70.3600,82,False,113.0252,28.1745
928,17,era2,Yuelu,140177.2400,51.6832,10.2456,1.9525,6.9566,0.0562,86.4400,75.2600,70.6400,38.1500,70.2700,83,True,112.9548,28.2206
1195,31,era2,Tianxin,146367.9100,47.5839,8.8087,4.4024,7.5343,0.0526,72.4300,70.0400,72.7300,64.2300,70.1300,84,False,112.9888,28.1299
1258,18,era1,Furong,162279.3100,51.1967,15.6737,5.8051,12.2493,0.0562,85.6900,85.3900,86.5900,5.8900,69.8200,85,False,112.9957,28.2291
678,27,era1,Yuelu,96763.6100,49.7266,8.0787,3.6255,6.6749,0.0545,82.4100,66.0200,68.7000,56.1800,69.5000,86,True,112.9239,28.2030
1182,3,era3,Kaifu,157942.8500,59.8584,3.7117,1.5542,3.0032,0.0462,96.8700,44.2600,43.2200,92.1800,69.4200,87,True,112.9860,28.2563
1396,28,era2,Tianxin,167483.0700,47.1190,12.0858,5.5477,10.0564,0.0560,70.1900,79.1400,81.0700,41.4300,69.3000,88,False,113.0139,28.1115
932,5,era2,Kaifu,134187.1200,61.5028,9.8077,0.8185,6.0601,0.0562,97.9100,73.7700,63.9300,25.0400,69.3000,88,True,112.9551,28.2387
1250,87,era1,Furong,249763.5800,44.4752,30.1236,6.2758,20.7586,0.0562,45.9000,95.8300,97.0200,36.6600,69.2600,90,False,112.9950,28.1930
1141,4,era2,Kaifu,93137.3900,57.0818,5.9665,3.6137,5.4636,0.0545,94.7800,57.6800,60.8000,55.8900,69.0800,91,True,112.9809,28.2564
1098,2,era2,Kaifu,100278.2300,62.2845,3.9272,3.8908,4.4586,0.0495,98.2100,45.1600,53.9500,76.1500,69.0300,92,True,112.9756,28.2474
1169,61,era1,Furong,234676.0900,44.2711,24.1788,2.5135,15.2226,0.0553,42.1800,93.4400,90.6100,49.9300,68.7900,93,False,112.9849,28.1977
1163,28,era1,Furong,152314.3300,46.9452,16.8641,3.2332,11.4615,0.0562,69.1500,87.9300,84.6500,23.4700,68.7500,94,False,112.9844,28.1706
831,28,era2,Tianxin,142407.3600,47.8634,9.9911,3.8312,7.8828,0.0556,74.0700,74.2200,74.3700,46.6500,68.6900,95,False,112.9434,28.1531
1649,21,era3,Yuhua,127503.2900,49.9163,5.8776,4.5465,5.9449,0.0509,83.0100,56.9300,62.8900,70.4900,68.6600,96,True,113.0450,28.1426
1275,15,era2,Tianxin,117025.0100,50.0857,5.8967,4.3406,5.8383,0.0509,83.3100,57.0800,61.8500,70.7900,68.6400,97,True,112.9988,28.1207
1371,24,era2,Furong,209892.2600,45.4852,16.9756,7.5482,13.9859,0.0562,56.0400,88.0800,89.1200,37.6300,68.5900,98,False,113.0101,28.1838
1160,60,era1,Tianxin,183720.1600,44.8375,20.8675,4.7767,14.6249,0.0558,49.4800,89.8700,89.8700,43.8200,68.5400,99,False,112.9842,28.1571
1133,5,era1,Furong,83288.8800,49.1123,10.2337,3.1066,7.6080,0.0562,80.6300,75.1100,73.1700,34.2000,68.2000,100,False,112.9802,28.2203
1123,3,era1,Furong,89667.8300,59.3843,11.0175,1.5196,7.1499,0.0562,96.2700,77.3500,71.5400,8.6400,68.1200,101,True,112.9794,28.1752
1045,29,era1,Tianxin,150233.2600,45.3017,18.4592,4.2137,12.9304,0.0562,53.6500,88.8200,87.6300,39.0500,68.0800,102,False,112.9696,28.1934
749,7,era2,Yuelu,89506.7600,57.6924,5.8119,3.2002,5.1396,0.0546,95.3800,56.3300,58.1200,54.5500,68.0500,103,True,112.9332,28.1533
276,9,era3,Yuelu,124804.1300,60.4694,2.9329,1.9312,2.7740,0.0462,97.6200,37.5600,41.2800,95.0800,67.8300,104,True,112.8736,28.2398
806,68,era1,Yuelu,219505.2400,43.8835,22.7261,5.6015,16.1552,0.0547,36.3600,92.1000,92.2500,54.1000,67.8100,105,False,112.9396,28.2254
1460,19,era2,Furong,134406.7300,46.8881,8.3737,3.7573,6.9183,0.0526,68.8500,67.3600,70.3400,64.0800,67.7500,106,False,113.0209,28.2152
1200,66,era1,Tianxin,209731.0500,44.4249,22.4352,4.8407,15.5554,0.0561,45.3100,91.8000,91.6500,40.9800,67.6600,107,False,112.9892,28.1525
931,2,era1,Kaifu,80397.1600,64.2323,9.8784,0.4904,5.9133,0.0562,98.8100,74.0700,62.3000,15.7200,67.4700,108,True,112.9550,28.2342
1283,50,era1,Tianxin,204114.6900,45.3959,23.9047,6.0022,17.0559,0.0562,54.9900,93.2900,93.7400,21.0100,67.4300,109,False,112.9994,28.1568
1574,50,era2,Furong,192376.3200,45.5048,13.3507,4.7933,10.3475,0.0555,56.3300,81.2200,82.2700,48.2900,67.3800,110,False,113.0354,28.1744
1078,31,era2,Tianxin,131852.9300,46.9704,10.8931,3.7221,8.3350,0.0560,69.3000,76.7500,76.3000,41.2800,67.3300,111,False,112.9740,28.1572
1100,14,era2,Kaifu,143458.9400,46.8853,10.4931,5.0202,8.8472,0.0560,68.5500,76.0100,77.9400,41.7300,67.3000,112,False,112.9758,28.2564
1302,25,era3,Furong,183717.5000,47.3486,6.6817,2.5680,5.2751,0.0489,71.5400,60.8000,59.0200,78.6900,67.2400,113,False,113.0010,28.2425
709,4,era3,Yuelu,113226.5300,56.0391,2.6608,3.9343,3.7612,0.0462,93.8900,35.6200,49.9300,90.6100,66.9600,114,True,112.9282,28.1579
1068,22,era3,Tianxin,180715.7100,47.3287,4.5615,6.2836,6.1850,0.0466,71.3900,49.3300,65.5700,87.6300,66.8600,115,True,112.9732,28.1121
672,40,era2,Yuelu,185634.8300,48.0720,16.1928,6.6082,13.0034,0.0562,75.1100,86.7400,87.7800,2.6100,66.6300,116,False,112.9234,28.1760
874,14,era2,Tianxin,88186.4500,50.2724,6.6624,1.6712,4.7527,0.0536,83.9000,60.6600,56.3300,59.7600,66.5900,117,True,112.9486,28.1621
723,41,era2,Yuelu,192851.6300,44.9482,13.9504,5.6252,11.1640,0.0555,50.9700,82.7100,83.7600,48.1400,66.4800,118,False,112.9293,28.2210
1129,22,era1,Furong,133271.3400,48.4364,16.1044,3.8201,11.3630,0.0562,77.0500,86.4400,84.2000,2.6100,66.4100,119,False,112.9799,28.2022
1342,24,era2,Furong,114794.6600,47.4692,7.8243,3.4094,6.4066,0.0538,72.1300,65.1300,66.9200,58.5700,66.2800,120,True,113.0060,28.2380
1238,18,era2,Tianxin,98708.3700,48.8392,7.7590,2.7054,5.9678,0.0550,79.5800,64.2300,63.0400,52.0100,66.1500,121,False,112.9940,28.1389
887,44,era2,Yuelu,199757.6200,46.5804,15.9489,4.0214,11.3890,0.0562,66.7700,85.9900,84.5000,16.6900,66.0700,122,False,112.9497,28.2207
847,64,era2,Yuelu,242286.8100,44.8896,23.8071,6.4557,17.2589,0.0562,50.2200,93.0000,94.1900,21.0100,66.0100,123,False,112.9447,28.2253
682,57,era3,Yuelu,172983.4000,45.3960,9.0551,3.4801,7.1488,0.0512,55.1400,70.9400,71.3900,69.3000,65.9600,124,False,112.9242,28.2211
600,71,era2,Yuelu,181962.1500,44.3215,13.4016,4.5817,10.2559,0.0535,43.2200,81.6700,82.1200,60.0600,65.9000,125,False,112.9140,28.2212
1037,49,era2,Tianxin,165552.9000,45.9114,12.3025,3.2769,8.8849,0.0560,60.0600,79.5800,78.0900,41.8800,65.8900,126,False,112.9689,28.1573
1075,13,era1,Tianxin,79065.7700,48.5765,7.2352,2.8467,5.7497,0.0544,77.7900,62.8900,61.4000,56.4800,65.7800,127,True,112.9737,28.1437
993,11,era1,Tianxin,72844.0500,48.9017,7.7683,2.4493,5.8271,0.0552,79.8800,64.5300,61.7000,50.3700,65.7400,128,False,112.9636,28.1438
270,6,era3,Yuelu,97597.0700,53.3262,2.2935,3.7441,3.4433,0.0462,90.0100,32.1900,47.2400,97.3200,65.5700,129,True,112.8731,28.2128
728,16,era3,Yuelu,115386.7700,52.5828,2.7116,3.2837,3.4191,0.0462,88.3800,36.5100,46.6500,93.5200,65.5000,130,True,112.9297,28.2436
1191,32,era3,Tianxin,154354.5600,46.0028,7.9601,4.2439,6.9600,0.0520,61.1000,65.5700,70.7900,66.4700,65.4500,131,False,112.9884,28.1119
1479,1,era2,Yuhua,104117.5000,72.5715,7.6099,4.0398,6.6438,0.0562,100.0000,63.7900,68.4100,12.3700,65.2900,132,True,113.0241,28.1159
1607,18,era1,Yuhua,86031.4900,47.1515,8.2788,2.6385,6.2261,0.0547,70.3400,66.9200,66.0200,54.4000,65.2600,133,False,113.0398,28.1382
1451,78,era2,Furong,328645.0300,45.6868,26.7360,8.8824,20.3132,0.0562,58.1200,94.9300,96.2700,0.3000,65.2300,134,False,113.0201,28.1746
811,38,era2,Yuelu,165862.7600,45.3650,9.1165,4.2833,7.6419,0.0527,54.5500,71.0900,73.3200,63.7900,65.1100,135,False,112.9400,28.2479
846,22,era1,Yuelu,137546.5800,45.1198,16.3308,3.8921,11.5331,0.0562,52.4600,87.0300,84.9500,31.3000,65.1000,136,False,112.9446,28.2208
1210,91,era1,Furong,266269.6700,43.3443,31.4996,4.8876,20.7516,0.0561,28.0200,97.1700,96.8700,40.5400,65.0400,137,False,112.9900,28.1976
721,5,era2,Yuelu,80359.0100,54.4900,3.5362,2.9985,3.7267,0.0505,92.2500,42.9200,49.6300,72.2800,64.9300,138,False,112.9291,28.2120
1115,12,era3,Tianxin,132141.1200,50.3568,3.6336,2.3929,3.4369,0.0470,84.0500,43.6700,46.9400,85.8400,64.8700,139,True,112.9787,28.1391
1248,111,era1,Furong,256626.7100,43.4266,31.5317,4.4449,20.5174,0.0562,29.3600,97.3200,96.4200,37.6300,64.8100,140,False,112.9948,28.1840
1243,52,era1,Tianxin,321307.2000,44.5817,38.8118,10.0039,27.8396,0.0562,46.6500,98.2100,98.9600,7.3800,64.7300,141,False,112.9944,28.1614
1121,82,era1,Tianxin,204039.9400,44.0482,20.9202,3.6294,14.0007,0.0559,38.1500,90.0100,89.2700,42.0300,64.7100,142,False,112.9792,28.1662
1541,37,era2,Furong,167737.2700,45.9867,12.6153,2.3976,8.5619,0.0562,60.9500,80.0300,76.9000,35.0200,64.6800,143,False,113.0310,28.2105
1314,21,era2,Tianxin,97798.1400,48.3655,6.0013,3.1381,5.2122,0.0528,76.6000,57.8200,58.4200,63.1900,64.6500,144,False,113.0037,28.1117
794,44,era2,Yuelu,198948.3800,45.7869,17.7114,6.3295,13.7105,0.0562,58.7200,88.2300,88.5200,14.2300,64.6400,145,False,112.9386,28.1712
1376,36,era2,Furong,168528.0500,44.9294,14.2544,5.2801,11.1405,0.0562,50.6700,83.1600,83.6100,38.6000,64.5900,146,False,113.0105,28.2063
1244,87,era1,Tianxin,211321.9100,44.1758,24.3817,3.8154,16.0808,0.0562,40.0900,93.8900,92.1000,29.8100,64.5800,147,False,112.9945,28.1659
395,14,era3,Yuelu,125681.0500,49.5656,2.9535,4.5899,4.3020,0.0462,81.8200,37.8500,53.2000,89.7200,64.4800,148,True,112.8886,28.2216
726,5,era3,Yuelu,75965.6400,56.1704,3.4692,2.4686,3.3863,0.0509,94.0400,42.0300,46.3500,71.0900,64.3100,149,True,112.9296,28.2345
1341,49,era1,Furong,192207.5300,44.2966,21.4633,4.8613,15.0129,0.0562,42.6200,90.6100,90.3100,31.3000,64.2900,150,False,113.0060,28.2334
752,68,era2,Yuelu,195473.2400,44.2606,16.1495,5.1018,12.1196,0.0559,41.7300,86.5900,86.1400,42.7700,64.2800,151,False,112.9334,28.1668
1251,53,era1,Furong,155037.0800,44.6472,18.1967,4.0786,12.7036,0.0562,47.5400,88.3800,87.1800,29.8100,64.1700,152,False,112.9951,28.1975
1336,73,era2,Furong,197125.5500,44.6251,14.0226,3.1738,9.8071,0.0558,47.2400,82.8600,80.3300,43.9600,63.8900,153,False,113.0055,28.2109
882,6,era1,Tianxin,68815.7900,50.4883,5.8027,2.4820,4.7248,0.0549,84.3500,56.0400,56.0400,52.6100,63.8500,154,False,112.9493,28.1982
1159,51,era2,Tianxin,150270.7100,44.8743,9.6298,3.1345,7.2795,0.0531,49.9300,73.4700,71.9800,61.8500,63.7900,155,False,112.9841,28.1525
1202,63,era1,Tianxin,181072.2800,45.3428,21.1967,4.0505,14.3985,0.0562,54.2500,90.3100,89.7200,12.3700,63.7900,155,False,112.9893,28.1615
640,59,era2,Yuelu,164233.8300,44.7155,10.6897,3.6849,8.1978,0.0544,48.2900,76.3000,75.5600,56.3300,63.7600,157,False,112.9190,28.2166
1648,20,era2,Yuhua,96880.7100,49.1552,6.9546,3.3758,5.8914,0.0559,80.9200,61.8500,62.0000,42.4700,63.7200,158,True,113.0449,28.1381
1039,70,era1,Tianxin,176141.1800,44.0183,19.9334,4.0431,13.6738,0.0561,37.1100,89.5700,88.3800,40.0900,63.7000,159,False,112.9691,28.1663
603,4,era3,Yuelu,107500.9100,59.0986,2.6718,0.7517,1.9524,0.0465,96.1300,35.9200,32.3400,88.0800,63.7000,159,True,112.9143,28.2348
1036,69,era1,Tianxin,185109.0000,43.7627,16.8088,3.0363,11.3177,0.0551,34.4300,87.7800,83.9000,50.9700,63.6400,161,False,112.9688,28.1528
1241,34,era2,Tianxin,150098.6700,46.4323,10.9707,4.3586,8.7423,0.0562,64.8300,77.0500,77.6500,27.5700,63.6100,162,False,112.9943,28.1524
227,16,era2,Yuelu,98938.9400,48.8792,4.3349,3.5831,4.5156,0.0505,79.7300,47.6900,54.2500,72.5800,63.5900,163,True,112.8679,28.2038
1114,8,era3,Tianxin,87855.3400,52.5541,3.0034,3.0252,3.4381,0.0485,88.2300,38.1500,47.0900,81.2200,63.5800,164,True,112.9787,28.1346
1333,37,era1,Furong,201649.2900,44.1898,24.7766,6.6311,17.9118,0.0562,40.3900,94.0400,94.7800,21.0100,63.4900,165,False,113.0053,28.1974
687,44,era3,Yuelu,180328.6300,46.2449,4.2377,5.0977,5.3240,0.0462,62.8900,47.2400,59.4600,91.6500,63.2600,166,False,112.9246,28.2436
1096,25,era1,Furong,89454.6200,46.8149,8.4531,2.6295,6.3204,0.0556,67.5100,67.6600,66.3200,47.0900,63.2300,167,True,112.9755,28.2384
1119,67,era2,Tianxin,176708.4800,44.2243,13.3677,3.6652,9.7139,0.0548,40.6900,81.3700,80.0300,52.9100,63.2100,168,False,112.9791,28.1571
688,21,era3,Yuelu,110035.7800,48.5089,2.5858,3.6636,3.5640,0.0462,77.3500,35.1700,47.9900,99.2500,63.2000,169,True,112.9247,28.2481
1245,79,era1,Furong,201426.0800,44.0608,23.1394,4.0287,15.4940,0.0562,38.4500,92.2500,91.3600,27.5700,63.0000,170,False,112.9946,28.1704
766,14,era2,Yuelu,121038.5600,46.3626,6.3564,4.2712,6.0609,0.0522,64.3800,59.1700,64.2300,65.4200,63.0000,170,False,112.9346,28.2300
1035,84,era1,Tianxin,204233.1200,44.4859,23.4319,3.7172,15.4831,0.0562,46.0500,92.5500,91.2100,15.7200,62.9700,172,False,112.9687,28.1483
763,40,era1,Yuelu,111456.7400,44.8934,10.8936,2.7713,7.7931,0.0554,50.3700,76.9000,73.9200,49.3300,62.8300,173,False,112.9343,28.2164
686,48,era3,Yuelu,170996.6500,46.4829,4.4227,4.2113,4.9240,0.0467,65.4200,48.1400,56.7800,87.0300,62.8300,173,False,112.9245,28.2391
641,61,era2,Yuelu,160346.9500,44.6200,11.0278,2.9325,7.9616,0.0549,46.9400,77.5000,74.8100,52.3100,62.7600,175,False,112.9191,28.2212
1413,4,era1,Furong,74495.0600,54.4662,8.8707,2.8059,6.6592,0.0562,92.1000,70.4900,68.5500,1.1900,62.7200,176,True,113.0153,28.1882
1120,81,era2,Tianxin,224163.6400,44.6562,21.4311,5.0301,15.0908,0.0562,47.6900,90.4600,90.4600,15.7200,62.6800,177,False,112.9792,28.1616
1300,18,era1,Furong,87129.6000,49.0077,8.6770,2.4650,6.3543,0.0562,80.1800,68.7000,66.6200,23.4700,62.6800,177,False,113.0009,28.2335
746,1,era3,Other,62891.9500,63.6958,1.4780,2.4402,2.2346,0.0462,98.5100,22.5000,35.0200,96.6500,62.6400,179,True,112.9329,28.1397
358,19,era3,Yuelu,138221.3000,46.8686,5.3339,2.1364,4.2603,0.0493,68.4100,53.6500,52.7600,77.3500,62.6400,179,False,112.8838,28.2397
848,26,era2,Yuelu,103188.1400,47.0398,6.1241,3.0885,5.2539,0.0533,69.9000,58.4200,58.8700,60.9500,62.4600,181,True,112.9448,28.2298
764,65,era2,Yuelu,225686.7700,43.5132,18.7885,5.4448,13.8202,0.0559,31.1500,89.1200,88.8200,43.0700,62.4600,181,False,112.9344,28.2209
1006,29,era1,Yuelu,182222.2500,44.3252,22.3896,6.3734,16.4035,0.0562,43.3700,91.6500,92.8500,16.6900,62.4100,183,False,112.9646,28.2025
613,34,era3,Yuelu,152729.9600,46.4556,3.9966,4.8558,5.0486,0.0468,65.1300,45.7500,57.6800,86.8900,62.1800,184,False,112.9151,28.2799
1247,111,era1,Furong,251453.9600,43.5997,30.0743,4.8866,19.9382,0.0562,31.8900,95.6800,95.8300,23.4700,62.1300,185,False,112.9948,28.1795
1067,48,era3,Tianxin,146333.1500,45.5951,5.8243,4.8281,6.0751,0.0497,57.2300,56.4800,64.3800,75.5600,62.1000,186,True,112.9731,28.1076
1489,14,era2,Yuhua,86959.6000,48.1574,6.4818,2.9219,5.3630,0.0555,75.5600,59.6100,59.7600,47.8400,62.0700,187,False,113.0250,28.1610
724,51,era3,Yuelu,189348.6200,45.3877,5.7060,3.8551,5.4527,0.0476,54.8400,55.5900,60.6600,83.3100,61.9200,188,False,112.9294,28.2255
812,1,era2,Yuelu,71862.8900,64.4623,5.2525,2.7883,4.5857,0.0562,98.9600,53.2000,54.9900,26.0100,61.8500,189,True,112.9401,28.2524
1240,31,era2,Tianxin,119324.3100,45.7984,8.0170,3.5818,6.6148,0.0548,58.8700,65.8700,67.9600,53.3500,61.6800,190,False,112.9942,28.1479
1196,62,era2,Tianxin,155626.9500,44.7417,8.7559,3.0569,6.7369,0.0530,48.5800,69.1500,69.0000,62.4400,61.6100,191,False,112.9888,28.1344
271,5,era3,Yuelu,75763.4400,54.2684,1.7804,2.8230,2.6253,0.0462,91.8000,26.6800,39.2000,91.0600,61.6000,192,True,112.8732,28.2173
1292,47,era1,Furong,142248.9200,44.0649,16.7578,2.3163,10.8779,0.0562,38.6000,87.4800,83.1600,35.0200,61.4600,193,False,113.0002,28.1974
1259,30,era2,Furong,141888.4300,46.8880,12.9334,4.2959,9.8259,0.0562,68.7000,80.4800,80.4800,3.0600,61.4600,193,False,112.9958,28.2336
393,30,era3,Yuelu,125920.8600,46.1872,5.5318,3.6726,5.2493,0.0505,62.5900,54.6900,58.5700,72.4300,61.3800,195,False,112.8884,28.2126
629,12,era2,Yuelu,64359.9400,53.1365,4.4646,2.4972,3.9703,0.0555,89.5700,48.5800,51.1200,48.5800,61.3800,195,True,112.9182,28.1670
1355,16,era2,Tianxin,114094.6100,47.2000,3.5911,3.7481,4.1856,0.0479,70.6400,43.3700,52.3100,82.5600,61.1800,197,False,113.0088,28.1116
787,42,era2,Other,114728.2100,45.4644,9.2098,2.1240,6.4637,0.0556,55.7400,71.5400,67.2100,47.5400,61.1300,198,False,112.9380,28.1397
1286,96,era1,Furong,263572.2200,44.2425,30.2342,3.7575,19.3855,0.0562,41.1300,95.9800,95.6800,3.9500,61.0600,199,False,112.9997,28.1704
475,42,era2,Yuelu,132381.4100,45.1717,8.9583,2.8535,6.7363,0.0552,52.9100,70.7900,68.8500,50.6700,61.0100,200,False,112.8986,28.2124
1493,14,era2,Furong,80030.6700,46.8133,8.3135,2.4045,6.1125,0.0562,67.3600,67.0600,64.5300,38.9000,61.0100,200,False,113.0253,28.1790
1206,24,era1,Furong,115208.1800,44.1159,12.9216,3.3088,9.2562,0.0557,39.0500,80.3300,79.4300,46.3500,60.9700,202,False,112.9897,28.1795
852,50,era3,Kaifu,154404.0200,45.5424,5.8494,2.8356,4.9530,0.0493,56.7800,56.6300,56.9300,77.5000,60.9100,203,False,112.9451,28.2479
1203,64,era1,Tianxin,185630.8300,44.6338,21.9560,4.7862,15.2511,0.0562,47.3900,91.2100,90.7600,5.8900,60.9100,203,False,112.9894,28.1660
282,41,era3,Yuelu,176251.5900,44.3572,6.2777,5.7538,6.8616,0.0488,44.4100,59.0200,69.7500,79.5800,60.9000,205,False,112.8741,28.2669
1261,21,era3,Furong,112912.4400,48.3850,3.0675,2.5127,3.1824,0.0470,76.7500,38.7500,44.2600,86.4400,60.7900,206,True,112.9959,28.2426
1606,26,era2,Yuhua,101874.9000,44.8434,10.8092,2.5164,7.5996,0.0561,49.7800,76.6000,73.0300,41.1300,60.7500,207,False,113.0397,28.1337
891,7,era1,Kaifu,81635.8300,53.8585,7.4814,0.4831,4.5421,0.0562,90.9100,63.0400,54.5500,17.8800,60.6700,208,False,112.9500,28.2388
1193,37,era3,Tianxin,176409.5400,44.0230,8.7204,5.3469,8.0226,0.0516,37.4100,69.0000,75.1100,68.1100,60.5700,209,False,112.9886,28.1209
1074,4,era3,Tianxin,56718.7500,54.8213,2.4150,2.2007,2.6323,0.0502,92.7000,33.3800,39.3400,73.7700,60.4500,210,True,112.9737,28.1392
1688,1,era2,Yuhua,76750.6400,64.8405,5.6097,2.9779,4.8975,0.0562,99.1100,55.1400,56.6300,14.2300,60.4500,210,True,113.0499,28.1335
1273,12,era2,Tianxin,70194.3800,49.9916,4.9481,2.5424,4.2718,0.0557,83.1600,52.1600,52.9100,46.0500,60.3900,212,True,112.9986,28.1117
1080,73,era2,Tianxin,161290.3000,43.7652,12.9455,2.1914,8.6326,0.0550,34.5800,80.6300,77.2000,51.8600,60.3800,213,False,112.9741,28.1662
1343,12,era3,Furong,70877.5100,50.2638,3.3254,2.3533,3.2386,0.0509,83.7600,40.5400,44.7100,70.6400,60.3600,214,True,113.0061,28.2425
351,31,era3,Yuelu,117556.4900,46.5431,2.7626,3.3786,3.5023,0.0462,66.0200,36.9600,47.5400,99.7000,60.3400,215,False,112.8832,28.2081
1242,70,era2,Tianxin,163922.6600,44.0388,13.6859,2.8082,9.4066,0.0559,37.8500,81.9700,79.5800,42.1800,60.3000,216,False,112.9943,28.1569
1458,9,era2,Furong,93095.5900,50.1749,8.0070,3.3957,6.5030,0.0562,83.6100,65.7200,67.6600,9.4600,60.2200,217,False,113.0207,28.2062
1091,46,era1,Furong,249926.4700,42.6535,30.7085,2.3201,18.8362,0.0562,22.0600,96.5700,95.2300,27.5700,60.1500,218,False,112.9751,28.2158
602,3,era2,Yuelu,88570.6700,62.4877,6.4736,0.5403,4.0000,0.0562,98.3600,59.3100,51.4200,12.3700,60.0600,219,True,112.9142,28.2302
268,9,era3,Yuelu,79112.8000,49.6673,2.5103,2.8011,3.0291,0.0480,82.1200,34.2800,43.5200,82.1200,60.0500,220,False,112.8730,28.2037
1520,20,era3,Yuhua,94443.1700,49.1183,2.3948,2.6080,2.8531,0.0466,80.7700,33.0800,41.8800,87.4800,60.0300,221,False,113.0292,28.1158
1094,10,era2,Furong,78401.4800,48.5778,8.4550,2.8212,6.4308,0.0562,77.9400,67.8100,67.0600,14.2300,59.9800,222,False,112.9753,28.2294
805,74,era1,Yuelu,191427.7700,43.8050,23.2437,3.9883,15.5304,0.0562,35.3200,92.4000,91.5100,16.6900,59.9600,223,False,112.9395,28.2209
1326,62,era1,Tianxin,156599.9800,44.0448,18.6413,3.2576,12.4889,0.0562,38.0000,88.9700,86.8900,22.0600,59.8800,224,False,113.0047,28.1658
1237,49,era2,Tianxin,154074.8600,44.2527,8.7663,3.3315,6.8994,0.0530,41.5800,69.3000,70.1900,62.5900,59.8200,225,False,112.9939,28.1344
1356,1,era2,Tianxin,84878.5400,65.4191,6.2038,3.2933,5.4162,0.0562,99.4000,58.5700,60.0600,1.7900,59.7600,226,True,113.0089,28.1161
711,73,era2,Yuelu,185821.6400,43.4992,15.7696,4.1931,11.3847,0.0561,30.8500,85.6900,84.3500,39.6400,59.7600,226,False,112.9283,28.1669
1198,61,era2,Tianxin,163896.5000,44.1355,15.2209,3.9477,10.9319,0.0562,39.6400,84.6500,83.3100,28.9100,59.7300,228,False,112.9890,28.1435
1287,96,era1,Furong,217818.8300,43.7769,24.8199,2.9691,15.8481,0.0562,34.8700,94.1900,91.9500,12.3700,59.5800,229,False,112.9998,28.1749
1327,64,era1,Furong,201803.6400,42.5116,24.3313,5.8432,17.2085,0.0562,21.3100,93.5900,94.0400,31.3000,59.5400,230,False,113.0048,28.1703
643,19,era3,Yuelu,100009.3100,48.4606,2.4590,2.6990,2.9416,0.0464,77.2000,33.8300,42.4700,88.3800,59.4800,231,True,112.9193,28.2302
1565,39,era2,Yuhua,113871.1100,45.0291,8.1112,2.2746,5.9230,0.0543,51.8600,66.3200,62.5900,57.0800,59.3900,232,False,113.0346,28.1338
927,4,era2,Yuelu,75492.6800,57.6703,5.7948,0.6425,3.6712,0.0562,95.2300,55.8900,49.0300,21.0100,59.3400,233,True,112.9547,28.2161
1083,34,era1,Furong,108966.0200,43.6485,12.3515,2.9614,8.7330,0.0553,32.9400,79.7300,77.5000,50.0700,59.3200,234,False,112.9744,28.1798
1194,44,era3,Tianxin,145136.9600,45.9643,3.9769,3.0245,3.9929,0.0470,60.5100,45.4500,51.2700,86.1400,59.2700,235,False,112.9887,28.1254
1125,81,era1,Furong,361407.6500,42.7670,44.4062,2.8308,26.9393,0.0562,23.2500,98.9600,98.8100,14.2300,59.2700,235,False,112.9796,28.1842
1076,52,era2,Tianxin,159956.4400,44.9997,14.8816,3.0966,10.2530,0.0562,51.7100,83.9000,81.9700,10.4300,59.1600,237,False,112.9738,28.1482
1161,72,era2,Tianxin,151927.2300,43.6326,13.6995,1.6790,8.7704,0.0557,32.3400,82.1200,77.7900,45.9000,59.0800,238,False,112.9842,28.1616
517,127,era2,Yuelu,278535.0700,42.2862,22.0253,7.0010,16.5537,0.0562,19.2300,91.5100,93.2900,35.0200,58.8800,239,False,112.9038,28.2169
1566,23,era2,Yuhua,86237.3900,45.9242,5.8104,2.3366,4.6462,0.0528,60.3600,56.1800,55.2900,63.3400,58.6900,240,False,113.0347,28.1383
1277,11,era2,Tianxin,78674.2100,48.2337,3.0113,2.1220,2.9275,0.0488,75.8600,38.3000,42.3200,79.2800,58.5700,241,False,112.9989,28.1298
1154,20,era3,Tianxin,85904.9100,46.9880,3.6606,2.3635,3.4356,0.0496,69.4500,43.8200,46.8000,75.8600,58.5100,242,False,112.9837,28.1300
1103,49,era2,Kaifu,195845.8700,43.8771,7.9508,2.8710,6.1717,0.0498,36.2100,65.4200,65.2800,74.6600,58.4800,243,False,112.9761,28.2700
885,50,era1,Yuelu,109367.5500,43.7802,12.1753,1.3559,7.7169,0.0556,35.0200,79.2800,73.7700,46.9400,58.4300,244,False,112.9495,28.2117
1332,132,era1,Furong,294824.2700,40.7778,36.2251,5.8239,23.9805,0.0562,12.3700,98.0600,97.9100,27.5700,58.2200,245,False,113.0052,28.1928
1246,105,era1,Furong,227507.2700,43.1824,26.7224,3.7978,17.4057,0.0562,26.6800,94.7800,94.3400,14.2300,58.1500,246,False,112.9947,28.1750
531,67,era3,Yuelu,167365.6900,44.6686,4.9237,3.7711,4.9586,0.0475,47.8400,51.7100,57.0800,84.0500,58.0900,247,False,112.9049,28.2800
1337,43,era3,Furong,134038.0300,45.1214,5.5158,2.7073,4.6896,0.0499,52.6100,54.2500,55.4400,74.5200,58.0500,248,False,113.0056,28.2154
1282,20,era2,Tianxin,104665.9600,46.7771,8.5389,3.3126,6.7589,0.0562,67.0600,68.4100,69.1500,17.8800,58.0500,248,False,112.9993,28.1523
1118,60,era2,Tianxin,144039.6300,44.1643,13.7256,1.5600,8.7174,0.0562,39.9400,82.2700,77.3500,28.9100,57.9100,250,False,112.9790,28.1526
642,90,era2,Yuelu,220283.6600,42.0084,12.8321,4.8569,10.0880,0.0534,17.8800,80.1800,81.3700,60.6600,57.8200,251,False,112.9192,28.2257
1079,40,era2,Tianxin,115940.2900,44.8798,10.6585,2.2484,7.3608,0.0562,50.0700,76.1500,72.1300,27.5700,57.8100,252,False,112.9741,28.1617
1647,24,era2,Yuhua,96102.5300,45.3356,10.0384,3.2646,7.5867,0.0562,53.9500,74.5200,72.8800,23.4700,57.8100,252,False,113.0448,28.1336
999,9,era1,Tianxin,65615.5200,48.6298,6.5347,2.4851,5.1440,0.0562,78.2400,59.9100,58.2700,23.4700,57.7900,254,True,112.9641,28.1709
896,31,era2,Kaifu,107726.1100,45.3001,6.1030,3.1084,5.2532,0.0530,53.5000,58.2700,58.7200,62.1500,57.7100,255,False,112.9504,28.2613
1288,120,era1,Furong,212708.8300,41.9510,25.4688,3.0683,16.2747,0.0562,17.5900,94.3400,92.5500,27.5700,57.6000,256,False,112.9999,28.1794
748,14,era2,Yuelu,80772.2700,47.0219,5.8669,2.9602,5.0341,0.0561,69.6000,56.7800,57.5300,40.8300,57.5900,257,False,112.9331,28.1488
762,5,era2,Yuelu,45209.1800,54.2800,2.2698,1.6782,2.2516,0.0518,91.9500,31.7400,35.1700,67.0600,57.5500,258,True,112.9342,28.2119
1049,62,era1,Yuelu,194298.1400,42.5771,23.8734,3.1080,15.3875,0.0562,21.7600,93.1400,91.0600,23.4700,57.3800,259,False,112.9699,28.2114
1372,20,era1,Furong,80195.3100,44.8397,9.3687,2.6023,6.8271,0.0562,49.6300,71.8300,69.4500,35.0200,57.3300,260,False,113.0102,28.1883
1127,264,era1,Furong,277050.1000,35.8566,34.0411,2.1780,20.6557,0.0562,2.9800,97.6200,96.7200,38.6000,57.2400,261,False,112.9797,28.1932
1331,66,era1,Furong,193405.8400,43.7064,23.7638,5.1283,16.4772,0.0562,33.6800,92.8500,93.0000,3.2800,57.2200,262,False,113.0051,28.1883
1608,9,era2,Yuhua,88635.2300,48.3503,6.6977,3.3164,5.7111,0.0562,76.4500,60.9500,61.2500,17.8800,57.0500,263,False,113.0399,28.1427
1329,64,era1,Furong,225655.4100,43.0214,26.0362,6.2551,18.4157,0.0562,25.1900,94.4900,94.9300,10.4300,56.9800,264,False,113.0049,28.1793
994,74,era2,Tianxin,149343.7000,43.3873,10.1543,1.2301,6.4925,0.0533,28.9100,74.9600,67.5100,61.2500,56.9100,265,False,112.9636,28.1483
1158,26,era2,Tianxin,97187.5900,45.4624,5.5291,2.3344,4.4845,0.0524,55.5900,54.5500,54.1000,64.9800,56.8600,266,False,112.9840,28.1480
1330,101,era1,Furong,254407.5500,42.5313,30.8253,5.8112,20.8938,0.0562,21.4600,96.8700,97.1700,9.4600,56.8300,267,False,113.0050,28.1838
1205,32,era1,Furong,96912.7600,44.4894,11.4448,2.4408,7.9189,0.0562,46.2000,78.6900,74.5200,22.0600,56.7800,268,False,112.9896,28.1750
507,1,era3,Yuelu,31360.0400,59.6960,0.7370,1.2168,1.1142,0.0462,96.7200,15.3500,22.3500,93.2200,56.7400,269,True,112.9030,28.1717
1232,32,era3,Tianxin,96193.6000,45.9046,4.3505,2.5042,3.9093,0.0508,59.7600,47.8400,50.8200,71.2400,56.6900,270,False,112.9935,28.1118
1038,67,era1,Tianxin,155290.2600,43.9029,16.3832,2.8123,10.9472,0.0562,36.5100,87.1800,83.4600,14.2300,56.6400,271,False,112.9690,28.1618
1249,116,era1,Furong,248752.8000,42.9370,30.5643,4.5823,20.0441,0.0562,24.4400,96.4200,95.9800,5.8900,56.6300,272,False,112.9949,28.1885
1368,64,era1,Furong,146071.7900,42.4657,14.8159,3.0988,10.2167,0.0558,20.7200,83.7600,81.8200,44.5600,56.6200,273,False,113.0099,28.1702
851,13,era3,Yuelu,66254.0800,48.1544,2.9903,1.8410,2.7553,0.0507,75.4100,38.0000,41.1300,71.5400,56.5600,274,False,112.9450,28.2433
601,32,era2,Yuelu,117101.4700,44.2710,8.4831,3.5072,6.8381,0.0556,42.0300,68.1100,69.6000,47.6900,56.5000,275,False,112.9141,28.2257
1001,2,era1,Tianxin,38373.9600,54.9704,4.7150,1.4889,3.5381,0.0562,93.0000,50.3700,47.6900,19.3700,56.4200,276,True,112.9642,28.1799
1199,44,era2,Tianxin,117699.1100,43.8275,9.5765,2.4915,6.8824,0.0555,35.4700,73.0300,70.0400,48.4400,56.2500,277,False,112.9891,28.1480
1328,85,era1,Furong,153202.4500,41.8607,18.4497,2.0537,11.6931,0.0562,16.8400,88.6700,85.3900,37.3300,56.2000,278,False,113.0049,28.1748
1377,66,era2,Furong,153714.6700,43.4339,10.3304,2.3724,7.2444,0.0551,29.8100,75.4100,71.6800,51.4200,56.1900,279,False,113.0106,28.2108
522,9,era3,Yuelu,59673.6800,48.5935,2.3148,2.2128,2.5821,0.0494,78.0900,32.3400,38.3000,76.7500,56.1400,280,True,112.9042,28.2394
1334,36,era1,Furong,125237.7900,44.4622,15.2405,3.3228,10.5866,0.0562,45.7500,84.8000,82.7100,2.1600,56.1400,280,False,113.0054,28.2019
440,17,era3,Yuelu,77799.7500,46.4095,3.8598,2.5241,3.6407,0.0516,64.6800,44.5600,48.5800,67.9600,56.0800,282,False,112.8940,28.2396
1109,8,era3,Tianxin,54407.2500,49.7877,2.0852,1.9304,2.2901,0.0493,82.5600,29.5100,35.3200,76.9000,56.0700,283,True,112.9782,28.1120
1153,25,era3,Tianxin,86391.3900,46.5389,3.4708,1.8205,3.0176,0.0497,65.7200,42.1800,43.3700,75.1100,56.0700,283,True,112.9836,28.1255
1110,7,era3,Tianxin,59708.3800,49.3354,1.5986,2.3167,2.2329,0.0469,81.3700,24.4400,34.8700,86.7400,56.0600,285,True,112.9783,28.1165
599,42,era2,Yuelu,114342.0400,44.0200,8.1561,3.0315,6.3803,0.0542,37.2600,66.6200,66.7700,57.6800,56.0500,286,False,112.9139,28.2167
729,30,era3,Yuelu,104876.9100,45.8132,2.4646,2.8802,3.0481,0.0462,59.0200,33.9800,43.8200,96.8700,56.0400,287,False,112.9298,28.2481
1142,8,era2,Kaifu,45971.5000,51.8511,2.0763,1.7837,2.2014,0.0508,86.5900,29.3600,34.7200,71.3900,56.0100,288,True,112.9810,28.2609
1128,134,era1,Furong,1013283.5700,35.9111,119.4493,8.1857,72.7902,0.0562,3.1300,99.7000,99.7000,26.0100,55.9900,289,False,112.9798,28.1977
767,6,era3,Yuelu,55089.6300,50.8901,1.5133,1.8275,1.9053,0.0470,85.2500,22.8000,31.8900,85.9900,55.9900,289,True,112.9346,28.2345
683,81,era2,Yuelu,167605.6100,43.4640,8.8694,1.7379,6.0494,0.0523,30.2500,70.3400,63.7900,65.2800,55.9900,289,False,112.9243,28.2256
998,47,era1,Tianxin,102909.8900,43.6014,10.3724,2.0091,7.0612,0.0556,32.0400,75.7100,70.9400,47.2400,55.9600,292,False,112.9640,28.1664
765,52,era2,Yuelu,140844.3500,43.5977,10.3575,3.0818,7.6645,0.0558,31.7400,75.5600,73.4700,45.0100,55.8900,293,False,112.9345,28.2255
1126,118,era1,Furong,282781.6500,40.7225,29.7199,3.3580,18.8643,0.0562,11.9200,95.5300,95.3800,21.0100,55.5100,294,False,112.9797,28.1887
1375,39,era1,Furong,118702.3100,43.8311,12.9521,2.9514,9.0697,0.0562,35.7700,80.7700,79.1400,23.4700,55.4800,295,False,113.0105,28.2018
1047,176,era1,Yuelu,253750.1100,36.3641,30.7855,5.9259,20.9365,0.0562,3.2800,96.7200,97.3200,29.8100,55.4300,296,False,112.9697,28.2024
971,6,era2,Yuelu,61908.3000,46.8420,5.9501,0.3558,3.5962,0.0561,67.6600,57.5300,48.1400,40.6900,55.3200,297,False,112.9600,28.2296
809,4,era2,Yuelu,51459.1900,50.3879,1.4046,1.8019,1.8287,0.0470,84.2000,21.9100,30.7000,86.2900,55.2300,298,False,112.9398,28.2389
837,35,era2,Tianxin,110985.5800,44.7563,10.7270,3.8299,8.3018,0.0562,49.0300,76.4500,76.0100,11.2500,55.1000,299,False,112.9439,28.1802
1209,94,era1,Furong,266066.3600,42.4763,32.4604,4.2549,20.9387,0.0562,20.8600,97.4700,97.4700,0.4500,55.0800,300,False,112.9899,28.1931
1437,3,era2,Tianxin,34729.9500,54.7925,1.5887,1.2850,1.6389,0.0509,92.5500,24.2900,29.0600,70.9400,55.0500,301,False,113.0189,28.1114
506,1,era3,Yuelu,27324.5400,58.9043,0.6421,1.0602,0.9708,0.0462,95.9800,13.7100,19.6700,90.3900,54.9200,302,True,112.9029,28.1672
1335,66,era2,Furong,159177.5000,42.8429,12.2583,3.4893,8.9808,0.0561,23.9900,79.4300,78.6900,40.3900,54.8400,303,False,113.0054,28.2064
1072,20,era2,Tianxin,81629.2000,45.7067,4.3061,2.0720,3.6374,0.0520,58.2700,47.5400,48.4400,66.7700,54.7800,304,False,112.9735,28.1301
1077,36,era2,Tianxin,90907.6200,44.3828,7.7593,1.7608,5.4293,0.0554,44.8600,64.3800,60.3600,49.4800,54.7400,305,False,112.9739,28.1527
1564,34,era3,Yuhua,106216.4200,45.9680,2.6657,2.1610,2.7527,0.0465,60.6600,35.7700,40.9800,87.9300,54.7100,306,False,113.0345,28.1292
1173,22,era1,Furong,63086.3700,45.5476,7.7514,1.5406,5.2993,0.0562,56.9300,63.9300,59.1700,32.1900,54.5300,307,False,112.9852,28.2157
838,17,era3,Tianxin,54725.1500,46.5432,3.5885,1.5791,2.9471,0.0522,66.1700,43.2200,42.9200,65.5700,54.5200,308,False,112.9439,28.1847
1364,41,era2,Tianxin,101299.5800,44.3981,8.1295,1.3714,5.4184,0.0558,45.0100,66.4700,60.2100,44.8600,54.4600,309,False,113.0095,28.1522
788,24,era2,Yuelu,76197.7100,46.1039,4.1108,1.4859,3.1918,0.0525,61.8500,46.8000,44.5600,64.3800,54.3800,310,False,112.9381,28.1442
886,32,era1,Yuelu,102666.1400,45.6407,9.8594,2.0075,6.7677,0.0562,57.5300,73.9200,69.3000,5.0700,54.3100,311,False,112.9496,28.2162
1116,5,era2,Tianxin,62691.4500,52.1310,4.5821,1.9185,3.7073,0.0562,87.1800,49.4800,49.1800,16.6900,54.1700,312,True,112.9788,28.1436
888,30,era2,Yuelu,92327.5000,45.8638,8.3655,2.1480,5.9958,0.0562,59.3100,67.2100,63.1900,17.8800,54.1700,312,False,112.9498,28.2252
1168,219,era1,Furong,351354.0000,39.3305,42.5635,3.8111,26.4475,0.0562,7.6000,98.8100,98.5100,12.3700,54.1000,314,False,112.9848,28.1931
680,35,era2,Yuelu,89519.0700,45.0917,6.2040,1.3919,4.3319,0.0552,52.3100,58.7200,53.3500,50.5200,54.0800,315,False,112.9241,28.2121
1069,9,era3,Tianxin,51947.8300,48.9421,1.4375,1.8923,1.8990,0.0471,80.0300,22.2100,31.5900,85.2500,54.0400,316,True,112.9732,28.1166
1289,130,era1,Furong,232722.1200,42.2746,28.5946,2.5009,17.7338,0.0562,18.7800,95.2300,94.4900,3.9500,53.8900,317,False,112.9999,28.1839
1281,1,era3,Tianxin,19716.3300,57.0287,0.4633,0.7650,0.7005,0.0462,94.6300,11.1800,16.2400,94.3400,53.8600,318,True,112.9993,28.1478
1291,29,era1,Furong,91866.6000,45.1460,11.2876,1.1514,7.0940,0.0562,52.7600,78.2400,71.0900,1.1900,53.7600,319,False,113.0001,28.1929
894,35,era2,Kaifu,89622.8400,44.9996,4.4234,2.4061,3.8949,0.0516,51.5600,48.2900,50.6700,68.2600,53.7400,320,False,112.9503,28.2523
830,20,era2,Tianxin,67948.9000,45.4799,5.0174,2.2093,4.1214,0.0548,55.8900,52.6100,52.1600,53.8000,53.7400,320,False,112.9433,28.1486
1152,29,era2,Tianxin,83316.5500,45.0725,5.0487,2.0299,4.0369,0.0538,52.1600,52.9100,51.5600,59.0200,53.6400,322,False,112.9835,28.1210
1086,107,era1,Furong,575775.1600,37.9080,70.7455,4.7354,43.0468,0.0562,4.6200,99.4000,99.4000,12.3700,53.5600,323,False,112.9746,28.1933
1117,19,era1,Tianxin,67681.6300,46.2697,6.5891,1.3922,4.5517,0.0562,63.3400,60.2100,54.6900,27.5700,53.5200,324,False,112.9789,28.1481
679,6,era2,Yuelu,38715.4100,50.1366,2.3255,1.4015,2.1255,0.0537,83.4600,32.4900,34.1300,59.3100,53.4700,325,True,112.9240,28.2076
1285,81,era1,Tianxin,173937.9200,43.2561,19.3949,2.0523,12.2314,0.0562,27.2700,89.4200,86.4400,5.8900,53.4700,325,False,112.9996,28.1659
707,13,era2,Yuelu,52500.8700,47.1755,3.3434,1.8322,2.9516,0.0544,70.4900,40.9800,43.0700,56.6300,53.3800,327,True,112.9280,28.1488
1563,22,era2,Yuhua,68667.6700,45.9110,4.5131,2.1260,3.7863,0.0548,59.9100,48.8800,50.0700,53.6500,53.3800,327,False,113.0345,28.1247
881,21,era2,Tianxin,75904.3500,45.2881,5.2384,2.2125,4.2493,0.0548,53.3500,53.0600,52.6100,53.5000,53.1400,329,False,112.9492,28.1937
1378,41,era2,Furong,102500.2000,44.3476,7.1715,1.7675,5.0979,0.0556,43.9600,62.5900,57.9700,47.3900,53.0400,330,False,113.0107,28.2153
1208,83,era1,Furong,150071.7900,39.9539,18.4116,1.9565,11.6160,0.0562,9.8400,88.5200,85.2500,32.1900,53.0000,331,False,112.9898,28.1886
1605,27,era3,Yuhua,84247.8100,46.0872,2.1232,2.4679,2.6183,0.0465,61.7000,29.9600,39.0500,87.7800,52.8600,332,False,113.0396,28.1292
828,10,era2,Tianxin,58701.1800,47.2078,2.0758,1.6487,2.1241,0.0487,70.7900,29.2100,33.9800,79.7300,52.7400,333,False,112.9431,28.1396
1224,3,era3,Kaifu,27979.9100,54.0026,1.2467,0.9021,1.2254,0.0506,91.0600,20.5700,23.4000,71.8300,52.5400,334,True,112.9912,28.2607
1167,191,era1,Furong,252137.6900,39.6059,30.4536,2.2591,18.6561,0.0562,8.4900,96.2700,95.0800,10.4300,52.5300,335,False,112.9847,28.1886
1567,7,era1,Yuhua,36905.4100,47.6335,2.4525,1.2010,2.0836,0.0513,72.7300,33.6800,33.6800,69.1500,52.4900,336,False,113.0348,28.1428
1090,27,era1,Furong,72025.4100,44.3738,8.8498,1.5185,5.9130,0.0562,44.7100,70.1900,62.1500,27.5700,52.4100,337,False,112.9750,28.2113
1217,10,era2,Furong,43568.7800,46.5274,4.0267,1.1406,2.9469,0.0551,65.5700,46.0500,42.7700,51.1200,52.2600,338,False,112.9906,28.2292
1139,1,era2,Kaifu,44108.0700,61.6566,3.2239,1.7114,2.8146,0.0562,98.0600,39.9400,41.7300,12.3700,52.2200,339,True,112.9807,28.2473
1034,20,era1,Tianxin,67733.8800,45.5240,7.7574,1.7742,5.4358,0.0562,56.4800,64.0800,60.5100,19.3700,52.1400,340,False,112.9686,28.1437
712,58,era2,Yuelu,137223.8200,44.1237,11.0050,3.1237,8.0576,0.0562,39.2000,77.2000,75.2600,10.4300,52.0600,341,False,112.9284,28.1714
1084,94,era1,Furong,130262.7800,38.6058,15.8434,2.0299,10.1931,0.0561,5.9600,85.8400,81.6700,39.9400,51.8600,342,False,112.9745,28.1843
720,7,era2,Yuelu,58518.0900,46.3328,2.1889,2.1278,2.4618,0.0487,63.9300,30.8500,36.9600,79.8800,51.8000,343,False,112.9291,28.2075
844,9,era2,Yuelu,50513.8800,48.6461,3.6921,1.3832,2.8945,0.0562,78.3900,43.9600,42.1800,33.1600,51.7700,344,False,112.9444,28.2118
572,154,era3,Yuelu,236863.0300,41.8863,6.7827,1.4508,4.6955,0.0473,17.1400,61.4000,55.7400,84.8000,51.6700,345,False,112.9100,28.2799
1301,6,era2,Furong,38096.1900,49.7140,3.3308,1.1690,2.5662,0.0562,82.2700,40.6900,38.0000,35.0200,51.4900,346,True,113.0009,28.2380
1374,23,era1,Furong,86001.6800,44.5740,8.0902,2.3250,5.9398,0.0562,46.5000,66.1700,62.7400,25.0400,51.3600,347,False,113.0104,28.1973
756,2,era3,Yuelu,15394.8200,53.5258,0.3618,0.5973,0.5470,0.0462,90.6100,8.6400,13.5600,94.3400,51.3600,347,True,112.9338,28.1849
845,36,era2,Yuelu,86730.1100,43.9595,7.8959,1.5823,5.4054,0.0558,36.8100,65.2800,59.9100,43.6700,51.3400,349,False,112.9445,28.2163
628,1,era3,Yuelu,14966.7600,55.4447,0.3517,0.5807,0.5318,0.0462,93.5900,8.3500,13.1100,90.0900,51.2200,350,True,112.9181,28.1625
1151,11,era3,Tianxin,50826.1700,47.3569,1.5379,1.5509,1.7616,0.0476,71.6800,23.4000,30.1000,83.1600,51.1800,351,False,112.9834,28.1165
798,9,era1,Yuelu,39300.0600,47.7738,4.1957,1.3420,3.1581,0.0562,73.3200,46.9400,43.9600,31.3000,51.1300,352,False,112.9389,28.1893
719,6,era2,Yuelu,46160.5900,54.8823,3.3739,1.7910,2.9456,0.0562,92.8500,41.4300,42.6200,11.2500,51.0600,353,True,112.9290,28.2030
1340,9,era1,Furong,38936.1800,46.5399,4.7841,1.1256,3.3703,0.0562,65.8700,50.8200,46.0500,34.2000,51.0600,353,False,113.0059,28.2289
1066,14,era3,Tianxin,51778.2400,46.4780,2.4303,1.7553,2.3870,0.0511,65.2800,33.5300,36.3600,69.7500,50.8600,355,False,112.9730,28.1031
1369,38,era2,Furong,100140.5000,42.6487,9.3822,2.2614,6.6404,0.0557,21.9100,71.9800,68.2600,45.1600,50.8500,356,False,113.0099,28.1747
1322,5,era2,Tianxin,31558.0700,49.2993,2.3262,1.1067,1.9578,0.0551,81.2200,32.6400,32.4900,50.8200,50.8200,357,True,113.0044,28.1477
631,67,era2,Yuelu,126749.8500,39.7972,11.3593,3.4247,8.4313,0.0557,9.0900,78.5400,76.6000,45.3100,50.6700,358,False,112.9183,28.1760
1166,92,era1,Furong,140678.1900,40.4734,15.1255,1.4557,9.4563,0.0562,11.3300,84.3500,79.8800,29.8100,50.6400,359,False,112.9847,28.1841
1235,32,era3,Tianxin,107929.8600,44.3499,2.5364,1.9352,2.5501,0.0462,44.1100,34.4300,37.5600,97.3200,50.5400,360,False,112.9938,28.1253
1416,14,era1,Furong,54080.5400,46.0842,5.9111,1.8023,4.3989,0.0562,61.5500,57.2300,53.5000,21.0100,50.5400,360,False,113.0155,28.2017
1487,46,era2,Yuhua,141701.5200,42.8104,6.9716,1.1479,4.6305,0.0516,23.8500,62.0000,55.1400,68.5500,50.4900,362,False,113.0248,28.1520
849,8,era2,Yuelu,54710.6600,48.3201,3.9988,1.8122,3.3140,0.0562,76.3000,45.9000,45.4500,23.4700,50.4400,363,False,112.9448,28.2343
1233,7,era3,Tianxin,42786.5300,47.4337,1.0055,0.4980,0.8574,0.0462,71.9800,18.1800,18.3300,98.1400,50.3400,364,False,112.9936,28.1163
1101,57,era2,Kaifu,114921.9700,43.4765,7.1232,0.8083,4.5233,0.0541,30.4000,62.3000,54.4000,58.2700,50.3400,364,False,112.9759,28.2610
1239,14,era2,Tianxin,79696.5100,46.9373,6.4761,2.3133,5.0126,0.0562,69.0000,59.4600,57.3800,1.1900,50.2500,366,False,112.9941,28.1434
708,20,era3,Yuelu,92192.4700,43.8693,4.9502,2.8286,4.4363,0.0525,36.0700,52.3100,53.8000,64.5300,50.1800,367,False,112.9281,28.1533
1162,11,era2,Tianxin,47002.7200,46.8627,4.6147,1.2524,3.3460,0.0562,68.2600,49.7800,45.9000,27.5700,50.1100,368,False,112.9843,28.1661
1496,8,era2,Furong,61693.9700,48.6716,4.9326,2.2022,4.0690,0.0562,78.6900,52.0100,51.8600,2.6100,50.1000,369,True,113.0256,28.1925
1527,8,era2,Yuhua,34243.5400,48.5676,2.1947,1.0875,1.8718,0.0545,77.6500,31.1500,31.4500,55.7400,50.0800,370,False,113.0298,28.1474
1363,15,era1,Tianxin,44326.6700,45.8732,3.3364,1.0215,2.4853,0.0530,59.4600,40.8300,37.4100,62.3000,50.0300,371,False,113.0094,28.1477
681,58,era2,Yuelu,126182.1900,42.9732,6.5026,1.7763,4.7215,0.0517,24.7400,59.7600,55.8900,67.5100,50.0300,371,False,112.9241,28.2166
751,33,era2,Yuelu,90766.3300,43.6252,6.8133,2.5868,5.3609,0.0553,32.1900,61.7000,59.6100,49.6300,50.0200,373,False,112.9333,28.1623
1003,14,era1,Tianxin,112622.4700,43.0246,13.8379,3.9334,10.1350,0.0562,25.4800,82.4100,81.5200,5.0700,49.6800,374,False,112.9644,28.1889
1172,52,era1,Furong,105154.2000,38.6089,10.1411,2.9520,7.4670,0.0548,6.1100,74.8100,72.5800,53.2000,49.4300,375,False,112.9852,28.2112
1093,26,era1,Furong,76428.1900,43.4272,9.3907,1.6928,6.3209,0.0562,29.5100,72.1300,66.4700,27.5700,49.3000,376,False,112.9752,28.2249
843,44,era2,Yuelu,115620.9300,42.2766,8.6834,2.8481,6.5764,0.0556,18.9300,68.8500,67.8100,46.5000,49.2000,377,False,112.9443,28.2073
1616,10,era2,Furong,64475.1700,48.3187,4.7125,2.4035,4.0583,0.0562,76.1500,50.2200,51.7100,4.6900,49.1900,378,True,113.0406,28.1788
1452,61,era2,Furong,118895.7900,43.4580,11.1197,0.9445,6.8802,0.0562,30.1000,77.7900,69.9000,14.2300,49.1900,378,False,113.0202,28.1791
1138,2,era2,Furong,17745.6500,52.4314,0.8328,0.6885,0.8676,0.0511,87.9300,16.3900,18.6300,69.9000,49.0000,380,True,112.9807,28.2428
1088,61,era1,Furong,108974.2400,40.5131,13.3897,2.2784,8.9355,0.0562,11.4800,81.5200,78.5400,26.0100,48.8100,381,False,112.9748,28.2023
836,2,era2,Tianxin,25417.3800,56.8748,1.8578,0.9862,1.6219,0.0562,94.4900,27.4200,28.9100,32.1900,48.7900,382,True,112.9438,28.1757
878,1,era3,Tianxin,7342.5100,51.3523,0.1725,0.2849,0.2608,0.0462,85.9900,5.0700,8.2000,99.1100,48.7800,383,True,112.9489,28.1801
1459,7,era2,Furong,54392.4900,47.5882,4.1097,2.0979,3.5402,0.0562,72.5800,46.6500,47.8400,16.6900,48.6800,384,True,113.0208,28.2107
995,86,era2,Tianxin,170404.8500,42.3996,13.8641,2.6636,9.4257,0.0562,20.1200,82.5600,79.7300,9.4600,48.6400,385,False,112.9637,28.1528
1000,4,era1,Tianxin,28028.5400,50.7677,3.4439,1.0875,2.5843,0.0562,85.1000,41.8800,38.4500,14.2300,48.6300,386,True,112.9641,28.1754
644,14,era3,Yuelu,84355.4000,45.2479,1.9824,1.0028,1.7025,0.0462,53.2000,28.3200,29.9600,90.3900,48.5300,387,False,112.9194,28.2347
604,4,era3,Yuelu,26949.3900,47.7108,0.6333,0.8845,0.8656,0.0462,72.8800,13.5600,18.4800,94.3400,48.5000,388,False,112.9144,28.2393
283,52,era3,Yuelu,197150.8100,39.7864,4.8222,5.7754,6.0438,0.0464,8.9400,51.1200,63.6400,88.6700,48.4800,389,False,112.8742,28.2714
1454,3,era1,Furong,25022.7400,52.9948,3.0745,0.9709,2.3071,0.0562,89.4200,38.9000,35.4700,14.2300,48.4400,390,True,113.0204,28.1881
1323,20,era2,Tianxin,58830.6900,45.9721,5.4875,1.1998,3.8138,0.0562,60.8000,53.9500,50.3700,19.3700,48.3700,391,False,113.0044,28.1523
1405,43,era1,Tianxin,84307.2700,43.3520,8.5904,1.0506,5.4983,0.0562,28.3200,68.5500,60.9500,35.0200,48.2600,392,False,113.0146,28.1521
1150,22,era3,Tianxin,88991.1500,44.2996,2.5658,2.2210,2.7299,0.0473,42.7700,34.5800,40.5400,84.6500,48.2400,393,False,112.9833,28.1119
793,10,era2,Yuelu,44880.2900,48.0999,3.2803,1.4302,2.6864,0.0562,75.2600,40.3900,40.0900,27.5700,48.2300,394,True,112.9385,28.1667
1366,35,era1,Tianxin,77548.1400,43.1532,6.5490,1.2281,4.4353,0.0543,26.2300,60.0600,53.6500,57.5300,48.1200,395,False,113.0097,28.1612
1216,28,era1,Furong,61187.5900,44.2477,6.8092,0.3943,4.1081,0.0562,41.4300,61.5500,52.0100,33.1600,47.9300,396,False,112.9905,28.2246
1215,8,era1,Furong,46482.6100,49.9076,3.8827,1.6807,3.1728,0.0562,82.8600,44.7100,44.1100,3.9500,47.8800,397,True,112.9904,28.2201
1183,8,era3,Kaifu,29268.5600,47.2702,0.6878,1.1356,1.0399,0.0462,71.0900,14.1600,21.1600,89.5700,47.7200,398,True,112.9861,28.2608
516,55,era2,Yuelu,117974.3000,42.2799,8.7993,2.8034,6.6170,0.0562,19.0800,69.9000,68.1100,36.2900,47.5700,399,False,112.9037,28.2123
880,10,era2,Tianxin,45788.1600,47.9696,4.2198,1.3706,3.1882,0.0562,74.8100,47.0900,44.4100,10.4300,47.5400,400,False,112.9491,28.1891
1370,34,era2,Furong,88987.8000,42.7383,8.4717,2.1145,6.0373,0.0562,23.1000,67.9600,63.4900,36.2900,47.2700,401,False,113.0100,28.1792
1540,7,era2,Furong,37303.4700,46.2565,2.5825,1.0222,2.0558,0.0547,63.1900,35.0200,33.3800,54.2500,46.9900,402,False,113.0309,28.2060
1457,8,era1,Furong,36883.6700,47.8860,4.5319,1.2646,3.3057,0.0562,74.6600,49.0300,45.3100,3.9500,46.9600,403,True,113.0206,28.2016
890,1,era2,Kaifu,30500.2200,59.5362,2.2293,1.1834,1.9463,0.0562,96.5700,31.4500,32.1900,10.4300,46.9300,404,True,112.9499,28.2343
1234,81,era3,Tianxin,130181.8800,42.3104,5.6467,0.7537,3.6501,0.0504,19.6700,55.2900,48.7300,73.1700,46.8700,405,False,112.9937,28.1208
1044,33,era1,Tianxin,72698.4400,43.8280,8.9325,1.9067,6.1816,0.0562,35.6200,70.6400,65.4200,9.4600,46.8500,406,False,112.9695,28.1889
1192,18,era3,Tianxin,52362.3600,45.5723,1.2305,0.8767,1.2018,0.0462,57.0800,20.2700,22.9500,94.3400,46.6600,407,False,112.9885,28.1164
323,32,era3,Yuelu,97701.7500,42.4249,6.0508,2.7162,4.9998,0.0541,20.4200,57.9700,57.2300,58.4200,46.6500,408,False,112.8792,28.2668
269,2,era3,Yuelu,9121.9100,48.5535,0.2144,0.3539,0.3241,0.0462,77.5000,6.2600,9.6900,96.0500,46.2800,409,True,112.8731,28.2083
713,12,era2,Yuelu,43953.3300,45.4189,3.0796,1.4591,2.5884,0.0554,55.2900,39.0500,38.6000,49.0300,45.8300,410,False,112.9285,28.1759
1130,11,era1,Furong,41246.7600,46.4411,5.0257,0.9359,3.3999,0.0562,64.9800,52.7600,46.5000,5.8900,45.8000,411,False,112.9800,28.2068
571,120,era3,Yuelu,177351.5300,41.9585,4.5331,0.1230,2.6554,0.0464,17.7300,49.1800,39.6400,88.5200,45.7000,412,False,112.9099,28.2754
727,3,era3,Yuelu,12283.1400,47.8525,0.2887,0.4766,0.4364,0.0462,73.9200,7.1500,11.6200,95.0800,45.6600,413,True,112.9296,28.2391
1365,10,era1,Tianxin,36551.6400,46.8432,3.4983,1.0460,2.5916,0.0562,67.8100,42.6200,38.7500,23.4700,45.5700,414,False,113.0096,28.1567
791,83,era2,Yuelu,159660.3900,39.5874,11.9974,3.8470,9.0361,0.0562,8.3500,78.9900,78.8400,17.8800,45.5500,415,False,112.9384,28.1577
477,68,era2,Yuelu,149829.4200,42.1005,11.0772,4.0365,8.6194,0.0562,18.4800,77.6500,77.0500,5.0700,45.2600,416,False,112.8988,28.2214
1143,2,era2,Kaifu,24092.1000,54.1971,1.7609,0.9348,1.5373,0.0562,91.5100,26.3800,28.1700,21.0100,45.2000,417,True,112.9811,28.2654
956,16,era2,Tianxin,51722.6300,44.9961,4.3922,1.5440,3.3854,0.0562,51.4200,47.9900,46.2000,30.6300,45.1900,418,False,112.9588,28.1619
530,15,era3,Yuelu,40655.3100,45.3665,0.9554,1.2033,1.2311,0.0462,54.6900,17.5900,23.5500,92.7700,44.9500,419,False,112.9048,28.2755
361,1,era3,Yuelu,4951.1300,49.0883,0.1164,0.1921,0.1759,0.0462,80.4800,3.7300,6.2600,92.1800,44.9500,419,True,112.8840,28.2532
768,5,era2,Yuelu,23218.6600,47.0289,1.0954,0.6830,1.0142,0.0512,69.7500,19.2300,20.1200,69.6000,44.6400,421,False,112.9347,28.2390
1575,12,era2,Furong,40381.8000,46.5501,2.9515,1.1903,2.3621,0.0562,66.3200,37.7000,36.0700,30.6300,44.5500,422,False,113.0355,28.1789
804,37,era2,Yuelu,89836.2200,43.3565,8.7777,2.0154,6.1553,0.0562,28.4600,69.6000,64.8300,10.4300,44.4700,423,False,112.9394,28.2164
1615,31,era2,Furong,67852.7600,43.6962,4.2828,1.0373,3.0341,0.0543,33.5300,47.3900,43.6700,57.2300,44.4600,424,False,113.0405,28.1743
1500,29,era2,Furong,63982.9100,44.1764,4.4349,0.3427,2.7247,0.0555,40.2400,48.4400,40.3900,48.8800,44.4600,424,False,113.0259,28.2106
1257,4,era1,Furong,16539.3300,49.4123,2.0322,0.4721,1.4282,0.0562,81.5200,28.7600,26.8300,29.8100,44.4100,426,False,112.9956,28.2246
1406,11,era1,Tianxin,56024.4300,44.2087,6.6111,1.7570,4.7723,0.0562,40.5400,60.3600,56.4800,14.2300,44.4100,426,False,113.0147,28.1566
669,18,era2,Yuelu,55472.6900,44.2628,3.1797,1.3123,2.5618,0.0532,41.8800,39.7900,37.8500,61.4000,44.3500,428,False,112.9232,28.1624
1095,34,era2,Furong,83433.1800,43.5424,7.7975,1.9331,5.5494,0.0562,31.5900,64.9800,61.1000,15.7200,44.3400,429,False,112.9754,28.2339
1404,41,era1,Tianxin,85361.3700,41.9321,7.5069,1.8267,5.3229,0.0560,17.2900,63.1900,59.3100,41.5800,44.3200,430,False,113.0145,28.1476
1008,7,era1,Yuelu,26678.9500,47.7789,3.2780,0.9812,2.4290,0.0562,73.4700,40.2400,36.6600,14.2300,44.2900,431,True,112.9648,28.2115
1446,17,era1,Tianxin,49154.3600,44.6729,5.2899,1.2861,3.7503,0.0562,47.9900,53.3500,49.7800,19.3700,44.2300,432,False,113.0197,28.1520
789,5,era2,Yuelu,35445.1800,51.6577,2.5907,1.2615,2.1969,0.0562,86.2900,35.3200,34.5800,3.9500,44.1900,433,False,112.9382,28.1487
1081,14,era1,Furong,43959.7300,45.7665,4.6736,1.1474,3.3197,0.0562,58.5700,50.0700,45.6000,12.3700,44.1900,433,False,112.9742,28.1707
1042,47,era1,Tianxin,74630.9500,39.8909,9.1699,1.2054,5.9170,0.0562,9.5400,71.3900,62.4400,36.8900,44.1400,435,False,112.9693,28.1798
394,23,era3,Yuelu,65072.1000,44.2953,1.5292,1.2688,1.5957,0.0462,42.4700,23.2500,28.7600,91.6500,43.8000,436,False,112.8885,28.2171
482,3,era3,Yuelu,12924.8000,47.7596,0.4101,0.4183,0.4724,0.0480,73.0300,9.8400,12.3700,82.2700,43.7900,437,False,112.8992,28.2440
350,18,era3,Yuelu,46257.9100,44.7474,1.8421,1.0658,1.6584,0.0497,48.7300,27.2700,29.3600,75.4100,43.7500,438,False,112.8832,28.2036
241,16,era3,Yuelu,73492.8500,43.7564,1.7271,2.4065,2.3574,0.0462,34.1300,26.0800,35.9200,91.6500,43.5800,439,False,112.8690,28.2670
309,7,era3,Yuelu,23736.5600,46.3198,0.8268,0.5046,0.7593,0.0486,63.7900,16.2400,17.1400,80.3300,43.5000,440,False,112.8781,28.2037
803,1,era3,Yuelu,3937.7700,47.7729,0.0925,0.1528,0.1399,0.0462,73.1700,2.9800,5.3700,97.8400,43.4900,441,True,112.9393,28.2118
1560,1,era3,Yuhua,4012.5400,47.8809,0.0943,0.1557,0.1426,0.0462,74.3700,3.1300,5.5100,95.4500,43.4400,442,True,113.0342,28.1112
1099,7,era2,Kaifu,28193.1400,47.8847,2.2246,0.9520,1.8116,0.0562,74.5200,31.3000,30.4000,27.5700,43.3400,443,True,112.9757,28.2519
810,38,era3,Yuelu,78101.3400,43.5076,3.2333,0.4420,2.0960,0.0497,31.0000,40.0900,33.8300,75.2600,43.1400,444,False,112.9399,28.2434
1646,3,era3,Yuhua,11629.0000,47.4812,0.4044,0.3486,0.4295,0.0486,72.2800,9.5400,11.4800,80.6300,42.9700,445,False,113.0447,28.1291
1043,56,era1,Tianxin,81619.1300,40.5332,10.0285,1.0179,6.2997,0.0562,11.6200,74.3700,66.1700,19.3700,42.9100,446,False,112.9694,28.1843
1325,29,era1,Tianxin,58309.9000,42.0779,5.6613,1.0516,3.8284,0.0549,18.3300,55.4400,50.5200,52.7600,42.7900,447,False,113.0046,28.1613
652,30,era3,Yuelu,62302.3000,43.7987,2.6566,0.5903,1.8517,0.0495,35.1700,35.4700,31.3000,76.0100,42.6500,448,False,112.9200,28.2708
1085,194,era1,Furong,112731.3700,32.6785,12.5633,1.4901,8.0146,0.0562,1.3400,79.8800,74.9600,15.7200,42.5000,449,False,112.9746,28.1888
1211,17,era1,Furong,40680.3800,44.1469,4.8542,0.8465,3.2511,0.0562,39.7900,51.2700,45.0100,30.6300,42.4500,450,False,112.9901,28.2021
435,2,era2,Yuelu,25993.0400,52.5925,1.8998,1.0085,1.6586,0.0562,88.5200,28.0200,29.5100,6.7800,42.2200,451,True,112.8936,28.2170
1207,16,era1,Furong,58254.7500,44.1045,7.1578,1.1705,4.7497,0.0562,38.9000,62.4400,56.1800,1.1900,41.8800,452,False,112.9898,28.1840
481,21,era3,Yuelu,67549.8100,43.2886,2.5787,1.8975,2.5528,0.0493,27.4200,34.8700,37.7000,77.2000,41.6700,453,False,112.8991,28.2395
1499,19,era2,Furong,42662.6200,44.3457,2.8758,0.2763,1.7977,0.0545,43.8200,37.4100,30.2500,55.5900,41.5400,454,False,113.0258,28.2061
1278,18,era2,Tianxin,43531.7100,44.2243,2.7440,0.7263,1.9791,0.0543,40.8300,36.8100,32.7900,57.3800,41.3300,455,False,112.9990,28.1343
1296,7,era3,Furong,40427.2400,44.2427,0.9500,0.8645,1.0348,0.0462,41.2800,17.4400,21.0100,97.3200,41.2800,456,False,113.0005,28.2155
1537,11,era2,Furong,30981.0000,45.4533,2.1433,0.6065,1.5682,0.0554,55.4400,30.2500,28.4600,49.1800,41.2400,457,False,113.0306,28.1925
654,20,era3,Yuelu,45027.6200,44.3511,1.2385,0.7896,1.1566,0.0470,44.2600,20.4200,22.6500,85.6900,41.0700,458,False,112.9202,28.2798
1321,1,era1,Tianxin,8592.9500,52.2560,1.0558,0.3334,0.7923,0.0562,87.4800,18.6300,17.8800,27.5700,40.9200,459,True,113.0043,28.1432
630,21,era2,Yuelu,74663.4900,44.3626,5.4572,1.9608,4.2305,0.0562,44.5600,53.8000,52.4600,3.9500,40.7900,460,False,112.9182,28.1715
1419,17,era2,Furong,51074.4600,43.6942,3.0618,1.0713,2.3571,0.0537,33.3800,38.4500,35.7700,59.4600,40.6000,461,False,113.0158,28.2153
645,25,era3,Yuelu,53440.8400,43.9960,1.8396,0.5212,1.3464,0.0485,36.9600,27.1200,25.6300,81.0700,40.5600,462,False,112.9194,28.2392
639,15,era2,Yuelu,41688.3900,44.7176,3.8994,1.1264,2.8662,0.0562,48.4400,45.0100,42.0300,19.3700,40.3200,463,False,112.9190,28.2121
996,33,era2,Tianxin,67331.1000,41.8657,6.0917,1.9021,4.5589,0.0562,16.9900,58.1200,54.8400,33.8300,40.2700,464,False,112.9638,28.1574
1438,1,era2,Tianxin,14417.2100,60.0718,1.0538,0.5594,0.9200,0.0562,97.0200,18.4800,19.2300,8.6400,40.2200,465,True,113.0190,28.1159
1407,1,era3,Tianxin,3188.1700,46.5601,0.0749,0.0874,0.0925,0.0462,66.4700,2.6800,4.4700,92.7700,40.1900,466,True,113.0148,28.1611
242,148,era3,Yuelu,133205.1400,38.1809,3.1303,0.6627,2.1632,0.0462,5.2200,39.4900,34.2800,99.4800,40.1700,467,False,112.8691,28.2715
840,12,era2,Tianxin,35534.5000,44.3098,2.2513,1.0823,1.9012,0.0543,42.9200,31.5900,31.7400,56.9300,40.0900,468,False,112.9441,28.1937
853,7,era2,Kaifu,21051.3900,45.8577,1.1976,0.5840,1.0161,0.0531,59.1700,19.5200,20.4200,61.7000,40.0300,469,False,112.9452,28.2524
753,27,era2,Yuelu,63353.2400,43.3989,5.3166,1.3627,3.8092,0.0562,29.0600,53.5000,50.2200,26.0100,40.0100,470,False,112.9335,28.1713
691,4,era3,Yuelu,12327.4600,45.3046,0.2897,0.4489,0.4212,0.0462,53.8000,7.3000,11.3300,96.0500,39.8100,471,True,112.9249,28.2617
814,36,era3,Yuelu,71452.9900,43.4152,2.1482,0.2616,1.3743,0.0476,29.2100,30.5500,25.9300,83.4600,39.8100,471,False,112.9402,28.2615
400,35,era3,Yuelu,87562.0700,41.9482,2.1577,2.3639,2.5787,0.0464,17.4400,30.7000,38.1500,88.2300,39.7200,473,False,112.8890,28.2441
1539,5,era1,Furong,16361.6000,46.0185,1.8688,0.4583,1.3271,0.0562,61.2500,27.7200,25.3400,39.2000,39.6000,474,False,113.0308,28.2015
706,14,era3,Yuelu,32487.6400,44.4587,1.2674,0.5901,1.0593,0.0495,45.6000,21.0100,21.4600,76.6000,39.6000,474,False,112.9279,28.1443
684,9,era3,Yuelu,26126.2500,44.7514,0.9100,0.4310,0.7648,0.0486,48.8800,17.1400,17.5900,80.4800,39.4200,476,False,112.9244,28.2301
611,14,era2,Yuelu,32004.5700,44.4398,1.7128,0.4782,1.2495,0.0524,45.4500,25.7800,23.9900,64.8300,39.1300,477,False,112.9149,28.2708
1260,7,era2,Furong,20716.9300,45.2281,0.9128,0.4243,0.7626,0.0505,53.0600,17.2900,17.2900,72.1300,38.9900,478,False,112.9958,28.2381
1450,28,era2,Furong,59765.5100,43.6531,5.4934,1.0132,3.7107,0.0562,33.0800,54.1000,49.4800,14.2300,38.9000,479,False,113.0200,28.1701
1580,17,era2,Furong,44957.5300,45.3395,3.7597,1.1231,2.7847,0.0562,54.1000,44.4100,41.4300,4.6900,38.7800,480,False,113.0359,28.2014
1102,26,era2,Kaifu,57496.9900,43.0681,3.3681,0.2162,2.0441,0.0534,25.7800,41.2800,33.0800,60.2100,38.7800,480,False,112.9760,28.2655
646,33,era3,Yuelu,64479.1600,43.3156,1.6525,0.8978,1.4544,0.0466,27.7200,24.8900,27.1200,87.1800,38.6400,482,False,112.9195,28.2437
605,35,era3,Yuelu,63579.6200,42.9812,2.2925,0.1558,1.3963,0.0485,24.8900,32.0400,26.2300,81.3700,38.6000,483,False,112.9144,28.2438
732,31,era3,Yuelu,55461.3000,43.1948,2.4014,0.4998,1.6546,0.0504,26.8300,33.2300,29.2100,73.4700,38.5500,484,False,112.9300,28.2616
730,1,era3,Yuelu,2733.2800,45.6761,0.0642,0.0749,0.0793,0.0462,57.9700,2.5300,4.0200,97.3200,38.4200,485,True,112.9299,28.2526
1604,10,era3,Yuhua,28481.7400,44.2942,0.9832,0.8209,1.0289,0.0485,42.3200,17.7300,20.7200,80.9200,38.3400,486,False,113.0395,28.1247
1622,21,era2,Furong,44981.9100,42.4140,3.9888,0.8095,2.7365,0.0551,20.2700,45.6000,40.6900,51.5600,38.2100,487,False,113.0411,28.2059
997,28,era1,Tianxin,50671.1400,41.4007,4.9273,0.9252,3.3377,0.0558,14.7500,51.8600,45.7500,44.4100,38.0200,488,False,112.9639,28.1619
873,2,era1,Tianxin,14514.3600,52.8707,1.4417,0.3977,1.0490,0.0562,88.9700,22.3500,21.3100,1.1900,37.9000,489,True,112.9485,28.1576
1417,15,era1,Furong,37763.5200,43.8589,3.9556,0.9582,2.8023,0.0562,35.9200,45.3100,41.5800,25.0400,37.6900,490,False,113.0156,28.2062
770,28,era3,Yuelu,52547.2400,43.1115,2.4882,0.1620,1.5114,0.0512,26.0800,34.1300,27.8700,69.4500,37.5300,491,False,112.9349,28.2480
1002,34,era1,Tianxin,57709.1400,42.3490,7.0907,0.4273,4.2875,0.0562,19.8200,62.1500,53.0600,11.2500,37.4500,492,False,112.9643,28.1844
1384,16,era2,Furong,46867.4400,44.9069,3.5852,1.0042,2.6173,0.0562,50.5200,43.0700,38.9000,7.3800,37.3300,493,False,113.0112,28.2424
1569,4,era3,Yuhua,11445.4800,45.6471,0.5638,0.2859,0.4846,0.0516,57.8200,12.5200,12.6700,68.4100,37.3200,494,False,113.0350,28.1518
773,21,era3,Yuelu,42892.5500,43.6451,1.5530,0.5785,1.2156,0.0489,32.6400,23.5500,23.2500,78.9900,37.3000,495,False,112.9351,28.2615
564,20,era3,Yuelu,40191.5300,43.7303,1.7784,0.1237,1.0848,0.0502,33.9800,26.5300,21.7600,73.9200,37.2900,496,False,112.9093,28.2439
667,52,era2,Yuelu,71414.4700,38.8880,5.5503,1.3961,3.9615,0.0559,7.0000,54.8400,50.9700,42.6200,37.2700,497,False,112.9230,28.1534
1040,4,era1,Tianxin,12924.1500,46.2698,1.5880,0.3548,1.1080,0.0562,63.4900,24.1400,22.2100,32.1900,37.1700,498,False,112.9691,28.1708
693,22,era2,Yuelu,43641.0700,43.5339,3.0674,0.1371,1.8275,0.0552,31.3000,38.6000,30.5500,50.2200,37.1200,499,False,112.9251,28.2707
201,73,era3,Yuelu,88324.0500,40.3006,2.0756,0.4016,1.4127,0.0462,10.7300,29.0600,26.6800,98.1400,36.9000,500,False,112.8640,28.2716
1219,1,era1,Furong,6493.6100,50.6464,0.7979,0.2520,0.5987,0.0562,84.9500,15.6500,14.9000,17.8800,36.7400,501,True,112.9908,28.2382
1140,22,era3,Kaifu,48454.2500,43.0229,1.7542,0.7016,1.4005,0.0489,25.3400,26.2300,26.3800,79.1400,36.5800,502,False,112.9808,28.2519
322,32,era2,Yuelu,55740.7200,41.7834,3.6964,0.9704,2.6615,0.0549,16.3900,44.1100,39.7900,52.1600,36.5400,503,False,112.8791,28.2623
1009,1,era1,Yuelu,5806.3000,48.1735,0.7134,0.2253,0.5353,0.0562,75.7100,14.7500,13.2600,33.1600,36.4200,504,True,112.9649,28.2160
1447,15,era2,Tianxin,36610.4500,44.6824,2.6759,0.9596,2.0733,0.0562,48.1400,36.0700,33.5300,22.0600,36.3800,505,False,113.0198,28.1565
895,3,era2,Kaifu,9285.7500,45.8932,0.5175,0.2991,0.4657,0.0529,59.6100,11.6200,12.0700,62.7400,36.3300,506,False,112.9503,28.2568
1007,4,era1,Yuelu,17218.3100,47.2368,2.1156,0.6090,1.5539,0.0562,70.9400,29.8100,28.3200,1.7900,36.2500,507,True,112.9647,28.2070
769,10,era3,Yuelu,21997.9900,44.2303,0.5170,0.0924,0.3476,0.0462,40.9800,11.4800,9.9900,91.3600,36.0100,508,False,112.9348,28.2435
1618,16,era2,Furong,35167.3300,44.3424,2.5704,0.0000,1.4659,0.0562,43.6700,34.7200,27.4200,35.0200,36.0100,508,False,113.0407,28.1878
930,20,era1,Yuelu,43902.2800,40.9340,3.6196,1.0589,2.6681,0.0546,13.1100,43.5200,39.9400,54.9900,35.9800,510,False,112.9549,28.2297
649,32,era3,Yuelu,59792.8000,41.4971,2.0043,1.3547,1.9156,0.0483,15.3500,28.6100,32.0400,81.5200,35.9000,511,False,112.9198,28.2572
598,7,era1,Yuelu,40137.3100,44.6176,3.4169,1.4077,2.7515,0.0562,46.8000,41.7300,40.8300,5.8900,35.9000,511,False,112.9139,28.2122
1542,1,era1,Furong,5100.5700,49.2591,0.6267,0.1398,0.4371,0.0562,81.0700,13.2600,11.7700,26.0100,35.8500,513,True,113.0311,28.2150
187,10,era3,Yuelu,23045.3300,43.7752,0.5416,0.2940,0.4766,0.0462,34.7200,12.0700,12.5200,96.0500,35.7500,514,False,112.8629,28.2084
1498,28,era2,Furong,51002.3000,43.1757,4.6528,0.0778,2.6978,0.0562,26.5300,49.9300,40.2400,23.4700,35.6800,515,False,113.0257,28.2016
1108,8,era3,Tianxin,18946.1700,44.0252,0.4452,0.3501,0.4536,0.0462,37.5600,11.0300,11.9200,93.2200,35.6100,516,False,112.9782,28.1075
973,7,era2,Kaifu,13552.5700,46.3432,1.0367,0.3013,0.7631,0.0562,64.2300,18.3300,17.4400,36.2900,35.5100,517,False,112.9602,28.2386
476,25,era2,Yuelu,66581.0700,43.3787,4.8664,1.6385,3.7098,0.0562,28.6100,51.5600,49.3300,7.3800,35.3900,518,False,112.8987,28.2169
1367,35,era2,Tianxin,60832.5200,42.6540,5.9395,0.1085,3.4492,0.0562,22.2100,57.3800,47.3900,9.4600,35.2500,519,False,113.0098,28.1657
665,24,era2,Yuelu,63704.0600,38.1595,4.4671,1.9354,3.6513,0.0556,4.9200,48.7300,48.8800,46.8000,35.2300,520,False,112.9228,28.1444
280,40,era3,Yuelu,60391.1100,39.6329,3.1427,1.2143,2.4848,0.0521,8.6400,39.6400,37.1100,66.0200,35.1100,521,False,112.8739,28.2579
733,9,era3,Yuelu,19542.2800,44.0847,0.6985,0.4476,0.6536,0.0488,38.7500,14.4600,15.5000,79.4300,34.9500,522,False,112.9301,28.2661
398,1,era3,Yuelu,2234.9400,44.5204,0.0525,0.0000,0.0299,0.0462,46.3500,2.0900,2.0900,98.9600,34.7400,523,False,112.8888,28.2351
1041,30,era1,Tianxin,45543.0400,41.4818,5.5959,0.1041,3.2507,0.0562,15.2000,54.9900,44.8600,23.4700,34.7200,524,False,112.9692,28.1753
802,1,era3,Yuelu,2427.7600,44.9955,0.0571,0.0000,0.0326,0.0462,51.2700,2.3800,2.3800,90.7600,34.7200,524,False,112.9392,28.2073
1383,4,era2,Furong,10330.3200,44.6236,0.3784,0.2947,0.3839,0.0490,47.0900,8.7900,10.7300,78.5400,34.6200,526,False,113.0111,28.2379
1411,7,era1,Furong,17542.3600,44.9537,2.0751,0.4739,1.4537,0.0562,51.1200,28.9100,26.9700,26.0100,34.6000,527,False,113.0151,28.1792
1561,19,era3,Yuhua,38771.4100,43.2103,1.0682,0.4632,0.8733,0.0471,26.9700,18.7800,18.7800,85.5400,34.5900,528,False,113.0343,28.1157
1033,7,era2,Tianxin,20720.3000,45.6394,1.8130,0.5528,1.3492,0.0562,57.3800,26.8300,25.7800,19.3700,34.2900,529,False,112.9686,28.1392
1418,20,era2,Furong,35481.5200,42.7703,2.6874,0.2849,1.6951,0.0550,23.5500,36.2100,29.8100,51.7100,34.2300,530,False,113.0157,28.2107
1382,25,era2,Furong,42915.9300,42.4921,3.3507,0.4615,2.1741,0.0558,21.1600,41.1300,34.4300,43.2200,34.2200,531,False,113.0110,28.2334
238,15,era2,Yuelu,39846.9500,42.2973,2.3453,1.1075,1.9692,0.0535,19.3700,32.9400,32.6400,59.9100,34.2000,532,False,112.8687,28.2534
1107,23,era3,Tianxin,41564.3500,42.6543,1.7226,0.4419,1.2344,0.0500,22.5000,25.9300,23.7000,74.2200,34.1100,533,False,112.9781,28.1030
1089,30,era1,Furong,46672.4000,40.7380,5.7346,0.6298,3.6296,0.0562,12.0700,55.7400,48.2900,19.3700,33.8800,534,False,112.9749,28.2068
1519,6,era2,Yuhua,25364.6100,43.7588,1.6317,0.6634,1.3089,0.0545,34.2800,24.7400,25.0400,55.2900,33.7700,535,False,113.0291,28.1113
795,66,era2,Yuelu,101960.8800,33.7021,7.5502,3.2455,6.1568,0.0562,1.7900,63.4900,64.9800,5.8900,33.7600,536,False,112.9387,28.1758
1338,4,era3,Furong,9991.0000,44.3390,0.3067,0.1348,0.2518,0.0477,43.5200,7.7500,8.0500,82.8600,33.5600,537,False,113.0057,28.2199
1212,1,era2,Furong,8605.7700,51.9551,0.6290,0.3339,0.5491,0.0562,86.8900,13.4100,13.7100,3.0600,33.4400,538,True,112.9902,28.2066
705,4,era3,Other,21220.1600,43.4844,0.6225,0.6930,0.7502,0.0474,30.5500,13.1100,16.9900,84.2000,33.3400,539,False,112.9279,28.1398
653,34,era3,Yuelu,50386.3800,41.5339,1.9004,0.1469,1.1676,0.0492,15.5000,28.1700,22.8000,77.7900,33.2200,540,False,112.9201,28.2753
557,11,era2,Yuelu,35102.5900,43.9272,3.5272,0.8304,2.4851,0.0562,36.6600,42.7700,37.2600,8.6400,33.0100,541,False,112.9088,28.2123
364,23,era2,Yuelu,43261.3300,41.3583,1.8736,0.8194,1.5358,0.0504,14.4600,27.8700,28.0200,73.3200,32.9700,542,False,112.8843,28.2668
813,15,era3,Yuelu,30475.5100,43.1070,1.6921,0.5756,1.2933,0.0528,25.9300,25.6300,24.4400,62.8900,32.9300,543,False,112.9401,28.2570
689,6,era3,Yuelu,16583.9400,43.7083,0.3897,0.3009,0.3938,0.0462,33.8300,9.0900,10.8800,89.1200,32.8800,544,False,112.9248,28.2527
664,5,era3,Other,11367.7600,44.1289,0.3985,0.2389,0.3635,0.0487,39.4900,9.3900,10.1300,80.1800,32.7300,545,False,112.9228,28.1399
367,26,era3,Yuelu,51822.5000,40.0440,1.2178,1.5632,1.5860,0.0462,9.9900,19.9700,28.6100,90.0900,32.7300,545,False,112.8845,28.2803
647,26,era3,Yuelu,42101.4400,42.0678,1.6102,0.3231,1.1026,0.0493,18.1800,24.5900,22.0600,77.0500,32.6500,547,False,112.9196,28.2482
116,25,era3,Yuelu,41814.4900,41.8111,1.3550,0.7687,1.2112,0.0481,16.5400,21.7600,23.1000,81.8200,32.4700,548,False,112.8535,28.2582
842,1,era1,Yuelu,3468.1700,47.0435,0.4261,0.1346,0.3197,0.0562,70.0400,10.2800,9.5400,32.1900,32.4400,549,True,112.9443,28.2028
1297,6,era3,Furong,14365.4400,44.1264,0.7149,0.2271,0.5372,0.0517,39.3400,14.9000,13.4100,67.2100,32.4000,550,False,113.0006,28.2200
648,37,era3,Yuelu,48810.4400,40.7767,2.3440,0.0000,1.3368,0.0513,12.2200,32.7900,25.4800,69.0000,32.4000,550,False,112.9197,28.2527
1534,11,era2,Furong,25634.3200,43.4479,1.6806,0.6087,1.3056,0.0548,29.9600,25.3400,24.8900,53.9500,32.3600,552,False,113.0304,28.1789
1134,2,era1,Furong,8019.8000,48.4059,0.9854,0.2590,0.7097,0.0562,76.9000,17.8800,16.3900,2.6100,32.2300,553,False,112.9803,28.2248
1373,13,era1,Furong,28916.0700,41.8352,3.4956,0.6572,2.3683,0.0562,16.6900,42.4700,36.2100,35.8400,32.1600,554,False,113.0103,28.1928
606,12,era3,Yuelu,25734.1800,42.9059,0.6048,0.4022,0.5743,0.0462,24.2900,12.9700,14.4600,89.8700,32.0400,555,False,112.9145,28.2483
1218,16,era1,Furong,35182.4000,43.6474,3.8981,0.3810,2.4404,0.0562,32.7900,44.8600,36.8100,6.7800,32.0100,556,False,112.9907,28.2337
200,38,era3,Yuelu,50802.4000,40.9226,1.1939,0.0000,0.6809,0.0462,12.9700,19.3700,15.6500,94.3400,31.7000,557,False,112.8639,28.2670
279,21,era3,Yuelu,43802.6100,40.2546,1.5175,1.0504,1.4645,0.0486,10.4300,22.9500,27.2700,80.7700,31.6200,558,False,112.8738,28.2534
1174,5,era1,Furong,12394.1900,44.8270,1.5229,0.2578,1.0155,0.0562,49.3300,23.1000,20.2700,28.9100,31.5600,559,False,112.9853,28.2202
1488,7,era2,Yuhua,19357.2000,44.8038,1.4148,0.4971,1.0904,0.0562,49.1800,22.0600,21.9100,28.9100,31.5400,560,False,113.0249,28.1565
1501,21,era2,Furong,38670.2500,43.3224,2.8264,0.1081,1.6735,0.0562,27.8700,37.1100,29.6600,29.8100,31.3900,561,False,113.0260,28.2151
363,47,era3,Yuelu,50292.2800,39.3621,2.1919,0.1057,1.3103,0.0504,7.7500,31.0000,25.1900,72.7300,31.2100,562,False,112.8842,28.2622
1610,28,era3,Yuhua,40699.1300,41.6477,1.5006,0.1965,0.9679,0.0490,15.9500,22.6500,19.5200,78.2400,31.1300,563,False,113.0401,28.1517
117,46,era3,Yuelu,49360.4000,39.2334,2.1313,0.1200,1.2839,0.0503,7.4500,30.1000,24.2900,73.6200,30.8500,564,False,112.8536,28.2627
589,32,era3,Yuelu,43490.6500,40.8456,1.2594,0.3585,0.9227,0.0474,12.6700,20.7200,19.3700,84.5000,30.7900,565,False,112.9131,28.1716
158,25,era3,Yuelu,37738.0000,41.0480,1.5699,0.2414,1.0330,0.0495,13.7100,23.9900,20.8600,76.4500,30.7700,566,False,112.8587,28.2626
1453,17,era1,Furong,33357.1900,43.5420,4.0361,0.1736,2.4008,0.0562,31.4500,46.2000,36.5100,0.1500,30.6300,567,False,113.0203,28.1836
1449,5,era2,Tianxin,17987.6900,46.3921,1.3147,0.4613,1.0129,0.0562,64.5300,21.4600,19.9700,3.9500,30.5800,568,False,113.0200,28.1656
356,11,era3,Yuelu,20783.3100,42.5758,0.5772,0.6257,0.6860,0.0471,21.6100,12.6700,15.9500,85.1000,30.4900,569,False,112.8836,28.2307
1412,5,era2,Furong,13282.3300,45.3560,1.0860,0.1103,0.6823,0.0562,54.4000,19.0800,15.8000,25.0400,30.2100,570,False,113.0152,28.1837
399,14,era3,Yuelu,41698.0100,38.1785,1.3149,1.3306,1.5087,0.0479,5.0700,21.6100,27.7200,82.4100,30.0300,571,False,112.8889,28.2396
607,12,era3,Yuelu,22154.3100,42.6543,0.8115,0.1814,0.5662,0.0490,22.3500,15.8000,14.3100,78.3900,29.9800,572,False,112.9146,28.2528
692,15,era2,Yuelu,25873.8000,42.6803,1.5552,0.0000,0.8869,0.0534,22.8000,23.7000,18.9300,60.8000,29.9000,573,False,112.9250,28.2662
685,10,era3,Yuelu,16444.3900,42.6605,0.3864,0.0000,0.2204,0.0462,22.6500,8.9400,7.3000,92.1800,29.3700,574,False,112.9245,28.2346
612,17,era3,Yuelu,29845.1700,41.1092,1.6911,0.5877,1.2996,0.0530,13.8600,25.4800,24.5900,62.0000,29.1200,575,False,112.9150,28.2754
563,1,era3,Yuelu,1916.7300,43.6388,0.0450,0.0000,0.0257,0.0462,32.4900,1.7900,1.7900,92.1800,29.0800,576,False,112.9093,28.2393
441,14,era3,Yuelu,23641.9500,40.8445,0.5556,0.5345,0.6217,0.0462,12.5200,12.2200,15.2000,92.7700,29.0200,577,False,112.8941,28.2441
1131,7,era1,Furong,13618.5000,43.4919,1.6733,0.1137,1.0191,0.0562,30.7000,25.1900,20.5700,36.2900,28.1400,578,False,112.9801,28.2113
321,11,era2,Yuelu,26736.4600,41.4529,1.8617,0.7311,1.4787,0.0555,15.0500,27.5700,27.5700,47.9900,27.9000,579,False,112.8790,28.2578
792,60,era2,Yuelu,53361.6300,37.0527,4.0431,0.6001,2.6480,0.0562,4.1700,46.3500,39.4900,23.4700,27.7500,580,False,112.9384,28.1622
757,1,era2,Yuelu,2717.7500,45.6434,0.1986,0.1054,0.1734,0.0562,57.6800,5.5100,5.9600,37.3300,27.6200,581,True,112.9338,28.1894
324,18,era3,Yuelu,23924.5200,40.2676,0.7187,0.3783,0.6256,0.0476,10.5800,15.0500,15.3500,83.7600,27.5100,582,False,112.8792,28.2713
690,14,era3,Yuelu,23312.7000,41.6289,1.2090,0.2040,0.8059,0.0521,15.8000,19.6700,18.1800,66.1700,27.5100,582,False,112.9249,28.2572
1562,1,era3,Yuhua,1767.0500,43.1722,0.0415,0.0000,0.0237,0.0462,26.3800,1.6400,1.6400,93.5200,27.4400,584,False,113.0344,28.1202
1122,12,era1,Furong,23899.7500,42.7285,2.7252,0.4860,1.8314,0.0562,22.9500,36.6600,31.0000,16.6900,27.4200,585,False,112.9793,28.1707
1617,15,era2,Furong,31199.2600,44.0377,2.2804,0.0000,1.3005,0.0562,37.7000,31.8900,24.7400,7.9700,27.4200,585,False,113.0407,28.1833
957,1,era2,Tianxin,2757.7200,45.7272,0.2016,0.1070,0.1760,0.0562,58.4200,5.6600,6.4100,33.8300,27.2700,587,True,112.9589,28.1664
1048,24,era2,Yuelu,42636.3300,39.5508,4.7252,1.0018,3.2661,0.0562,8.2000,50.5200,45.1600,2.1600,27.0800,588,False,112.9698,28.2069
406,4,era2,Yuelu,10281.6400,43.3855,0.6535,0.3223,0.5565,0.0544,28.7600,14.0100,14.1600,56.7800,27.0200,589,False,112.8894,28.2712
1082,17,era1,Furong,28268.6800,42.0594,3.4734,0.1155,2.0468,0.0562,18.0300,42.3200,33.2300,11.2500,27.0000,590,False,112.9743,28.1752
281,13,era3,Yuelu,17589.1100,39.7647,0.4133,0.2368,0.3707,0.0462,8.7900,9.9900,10.4300,96.0500,26.9300,591,False,112.8740,28.2624
651,15,era3,Yuelu,20922.4600,41.4220,0.8626,0.0000,0.4919,0.0499,14.9000,16.5400,12.9700,74.3700,26.9000,592,False,112.9199,28.2663
650,22,era3,Yuelu,25076.8100,40.0654,0.7003,0.1193,0.4674,0.0471,10.1300,14.6100,12.2200,84.9500,26.8600,593,False,112.9199,28.2618
1603,6,era3,Yuhua,8774.6300,41.0112,0.2062,0.1141,0.1827,0.0462,13.2600,6.1100,6.5600,98.5800,26.8400,594,False,113.0395,28.1202
1538,5,era2,Furong,10903.0200,44.3120,0.8874,0.0777,0.5504,0.0562,43.0700,16.6900,13.8600,30.6300,26.8300,595,False,113.0307,28.1970
365,22,era3,Yuelu,26177.5200,39.4233,0.8153,0.2136,0.5868,0.0478,7.9000,15.9500,14.7500,82.7100,26.6500,596,False,112.8843,28.2713
449,26,era2,Yuelu,29280.2400,39.2020,1.6664,0.3007,1.1218,0.0531,7.3000,25.0400,22.5000,61.5500,26.5100,597,False,112.8947,28.2802
320,6,era2,Yuelu,15492.0800,41.7710,0.7686,0.4838,0.7142,0.0517,16.2400,15.5000,16.5400,67.8100,26.3900,598,False,112.8789,28.2533
1005,11,era1,Tianxin,23883.7500,41.2100,2.8602,0.3471,1.8291,0.0562,14.3100,37.2600,30.8500,23.4700,26.3400,599,False,112.9645,28.1979
632,74,era2,Yuelu,33874.6300,34.4122,2.0955,0.1468,1.2788,0.0538,2.2400,29.6600,24.1400,59.1700,26.2300,600,False,112.9184,28.1806
1284,18,era1,Tianxin,27620.3000,41.5401,3.3937,0.1815,2.0389,0.0562,15.6500,41.5800,32.9400,12.3700,26.2300,600,False,112.9995,28.1613
1170,10,era1,Furong,17743.8500,42.3077,1.8214,0.3445,1.2352,0.0562,19.5200,26.9700,23.8500,36.8900,26.1000,602,False,112.9850,28.2022
855,3,era3,Kaifu,4606.6200,42.3665,0.1083,0.0000,0.0618,0.0462,19.9700,3.5800,2.9800,91.0600,25.8700,603,False,112.9453,28.2614
240,7,era2,Yuelu,16232.4000,42.4630,1.3070,0.5534,1.0610,0.0559,20.5700,21.3100,21.6100,42.9200,25.4700,604,False,112.8689,28.2625
1445,1,era2,Tianxin,2975.0200,46.1627,0.2174,0.0815,0.1705,0.0562,62.3000,6.5600,5.8100,16.6900,25.1600,605,True,113.0196,28.1475
955,21,era2,Tianxin,30394.3700,40.3998,2.7041,0.5406,1.8505,0.0562,11.0300,36.3600,31.1500,23.4700,25.1400,606,False,112.9587,28.1574
877,3,era2,Tianxin,7353.4700,42.8729,0.3946,0.2698,0.3789,0.0525,24.1400,9.2400,10.5800,64.6800,25.0700,607,False,112.9489,28.1756
1409,5,era1,Furong,10498.6300,44.0505,1.2900,0.1063,0.7963,0.0562,38.3000,21.1600,18.0300,17.8800,25.0200,608,False,113.0150,28.1701
196,6,era3,Yuelu,6708.9200,39.8495,0.1577,0.0000,0.0899,0.0462,9.3900,4.9200,4.3200,98.5800,24.8700,609,False,112.8636,28.2490
666,23,era2,Yuelu,39117.1300,40.8566,3.1067,0.9457,2.3111,0.0562,12.8200,39.3400,35.6200,9.4600,24.6600,610,False,112.9229,28.1489
1568,4,era2,Yuhua,7166.2300,43.2512,0.4349,0.0000,0.2480,0.0538,27.1200,10.4300,7.7500,58.7200,24.5600,611,False,113.0349,28.1473
1362,2,era2,Tianxin,5738.7900,45.9207,0.4194,0.1235,0.3096,0.0562,60.2100,10.1300,9.0900,7.9700,24.5100,612,False,113.0094,28.1432
277,7,era3,Yuelu,10334.2000,39.4392,0.2429,0.2659,0.2902,0.0462,8.0500,7.0000,8.3500,91.0600,24.4000,613,False,112.8737,28.2443
731,1,era3,Yuelu,1294.0800,41.3851,0.0304,0.0000,0.0173,0.0462,14.6100,1.4900,1.4900,96.0500,24.3400,614,False,112.9300,28.2571
1073,3,era1,Tianxin,12282.5000,37.9246,0.4450,0.4152,0.4905,0.0476,4.7700,10.8800,12.8200,83.9000,24.0400,615,False,112.9736,28.1347
75,1,era3,Yuelu,1100.5000,40.4561,0.0259,0.0000,0.0148,0.0462,11.1800,1.2700,1.2700,99.4800,23.8800,616,False,112.8484,28.2582
186,6,era2,Yuelu,9526.5300,42.2717,0.5267,0.0000,0.3004,0.0528,18.6300,11.9200,8.9400,63.6400,23.6800,617,False,112.8628,28.2039
1256,9,era2,Furong,22358.8000,43.2939,1.9924,0.4546,1.3955,0.0562,27.5700,28.4600,26.0800,7.9700,23.6200,618,False,112.9955,28.2201
609,2,era3,Yuelu,2038.4600,39.9278,0.0479,0.0000,0.0273,0.0462,9.6900,1.9400,1.9400,96.6500,23.2100,619,False,112.9148,28.2618
608,18,era3,Yuelu,16854.2700,38.3471,0.8213,0.1438,0.5504,0.0515,5.5100,16.1000,14.0100,68.7000,23.0200,620,False,112.9147,28.2573
1092,6,era1,Furong,10267.6900,42.7747,1.2616,0.0000,0.7195,0.0562,23.7000,20.8600,16.6900,26.0100,21.9100,621,False,112.9751,28.2204
1298,7,era2,Furong,13537.1000,43.3511,1.2202,0.0000,0.6959,0.0562,28.1700,20.1200,16.1000,21.0100,21.9100,621,False,113.0007,28.2245
362,12,era3,Yuelu,10932.8600,38.7088,0.4406,0.0000,0.2513,0.0498,6.5600,10.7300,7.9000,74.9600,21.7600,623,False,112.8841,28.2577
490,1,era3,Yuelu,794.9200,38.5924,0.0187,0.0000,0.0107,0.0462,5.8100,1.0400,1.0400,96.0500,21.4700,624,False,112.8998,28.2801
36,7,era3,Yuelu,4361.4800,36.9075,0.1025,0.0000,0.0585,0.0462,3.7300,3.4300,2.8300,93.7400,21.4600,625,False,112.8435,28.2673
197,2,era3,Yuelu,2766.0300,41.0120,0.1006,0.0000,0.0574,0.0489,13.4100,3.2800,2.6800,78.8400,21.3100,626,False,112.8636,28.2535
408,19,era3,Yuelu,9135.6200,35.3335,0.3347,0.0000,0.1909,0.0476,2.5300,8.0500,7.0000,83.6100,21.3000,627,False,112.8896,28.2802
829,25,era2,Tianxin,16929.2300,37.6576,1.5676,0.0000,0.8940,0.0558,4.3200,23.8500,19.0800,44.2600,21.1200,628,False,112.9432,28.1441
448,7,era3,Yuelu,6294.0000,38.6512,0.2053,0.0000,0.1171,0.0481,6.4100,5.9600,4.9200,81.6700,21.0300,629,False,112.8946,28.2756
854,7,era2,Kaifu,8680.4100,41.0386,0.5583,0.0000,0.3184,0.0545,13.5600,12.3700,9.3900,55.4400,20.7400,630,False,112.9452,28.2569
366,13,era3,Yuelu,7478.6400,36.4130,0.4088,0.0000,0.2331,0.0495,3.4300,9.6900,7.4500,76.3000,20.6900,631,False,112.8844,28.2758
1478,3,era2,Yuhua,4260.8900,41.1232,0.2049,0.0000,0.1169,0.0513,14.0100,5.8100,4.7700,68.8500,20.6700,632,False,113.0240,28.1114
239,14,era2,Yuelu,13687.1500,38.7928,0.9063,0.1075,0.5782,0.0549,6.7100,16.9900,14.6100,52.4600,20.5200,633,False,112.8688,28.2579
77,33,era2,Yuelu,13652.8800,34.3396,0.7299,0.0000,0.4163,0.0524,2.0900,15.2000,11.1800,65.1300,20.4500,634,False,112.8486,28.2672
34,15,era3,Yuelu,7185.9600,33.4006,0.2367,0.0000,0.1350,0.0474,1.4900,6.8600,5.2200,84.3500,20.4200,635,False,112.8433,28.2583
1533,3,era1,Furong,6564.1900,44.3985,0.6964,0.0000,0.3972,0.0562,45.1600,14.3100,11.0300,0.6700,20.1800,636,False,113.0303,28.1744
1408,10,era1,Tianxin,17449.0200,38.9951,2.1440,0.3288,1.4103,0.0562,7.1500,30.4000,26.5300,17.8800,20.1500,637,False,113.0149,28.1656
850,8,era2,Yuelu,11419.1500,41.6563,1.0837,0.0000,0.6180,0.0562,16.1000,18.9300,15.0500,31.3000,19.7800,638,False,112.9449,28.2388
799,2,era2,Yuelu,12199.5100,40.3750,0.8897,0.4718,0.7765,0.0561,10.8800,16.8400,17.7300,39.3400,19.7300,639,False,112.9390,28.1938
439,1,era3,Yuelu,94.5700,26.5130,0.0022,0.0000,0.0013,0.0462,0.8900,0.4500,0.4500,94.3400,19.3600,640,False,112.8939,28.2350
76,21,era2,Yuelu,11161.0800,35.5344,0.6460,0.0000,0.3684,0.0533,2.6800,13.8600,10.2800,61.1000,19.2400,641,False,112.8485,28.2627
1486,6,era2,Yuhua,5134.3000,35.2021,0.1928,0.1008,0.1674,0.0492,2.3800,5.3700,5.6600,77.9400,19.0500,642,False,113.0247,28.1474
407,12,era3,Yuelu,8458.9700,36.9412,0.5151,0.0000,0.2938,0.0527,3.8700,11.3300,8.4900,63.9300,19.0400,643,False,112.8895,28.2757
35,9,era3,Yuelu,5082.3100,35.6926,0.1879,0.0000,0.1072,0.0491,2.8300,5.2200,4.6200,78.0900,18.9600,644,False,112.8434,28.2628
547,3,era2,Yuelu,5985.8900,43.6542,0.4375,0.1085,0.3114,0.0562,33.2300,10.5800,9.2400,19.3700,18.8700,645,False,112.9080,28.1672
199,12,era3,Yuelu,6950.7700,36.4206,0.3239,0.0000,0.1847,0.0510,3.5800,7.9000,6.7100,70.1900,18.8200,646,False,112.8638,28.2625
879,3,era3,Tianxin,762.5700,29.8710,0.0179,0.0000,0.0102,0.0462,1.1900,0.8900,0.8900,89.4200,18.6900,647,False,112.9490,28.1846
610,3,era3,Yuelu,2450.8900,37.8883,0.1281,0.0000,0.0731,0.0522,4.4700,4.4700,3.7300,65.8700,16.6000,648,False,112.9148,28.2663
1448,7,era2,Tianxin,13577.2200,42.7681,0.9924,0.2829,0.7273,0.0562,23.4000,18.0300,16.8400,3.9500,16.5900,649,False,113.0199,28.1610
841,2,era2,Tianxin,1569.9900,38.5123,0.0779,0.0000,0.0444,0.0517,5.6600,2.8300,2.5300,67.6600,16.5800,650,False,112.9442,28.1982
673,5,era2,Yuelu,14641.6000,42.4831,1.2094,0.5426,0.9992,0.0562,21.0100,19.8200,19.8200,0.6700,16.3500,651,False,112.9235,28.1805
1687,1,era2,Yuhua,1712.6600,42.9928,0.1252,0.0000,0.0714,0.0562,25.0400,4.0200,3.2800,33.8300,16.1400,652,False,113.0498,28.1290
590,2,era2,Yuelu,4050.1400,42.9498,0.2960,0.1213,0.2380,0.0562,24.5900,7.4500,7.6000,25.0400,16.1400,652,False,112.9132,28.1761
591,21,era2,Yuelu,7671.3700,33.6596,0.5254,0.0000,0.2996,0.0553,1.6400,11.7700,8.7900,49.7800,15.7400,654,False,112.9133,28.1806
404,5,era2,Yuelu,4897.8600,39.8187,0.3580,0.0000,0.2042,0.0562,9.2400,8.4900,7.1500,38.6000,14.4700,655,False,112.8893,28.2622
278,2,era2,Yuelu,2951.4500,40.6772,0.2157,0.0000,0.1230,0.0562,11.7700,6.4100,5.0700,37.1100,13.8900,656,False,112.8738,28.2489
771,1,era2,Yuelu,1725.7100,43.0364,0.1261,0.0000,0.0719,0.0562,25.6300,4.1700,3.4300,14.2300,12.4700,657,False,112.9350,28.2525
834,1,era2,Tianxin,1849.0500,43.4325,0.1351,0.0000,0.0770,0.0562,29.6600,4.6200,3.8700,5.8900,12.2400,658,False,112.9436,28.1667
1579,4,era2,Furong,2110.9200,27.6359,0.1543,0.0000,0.0880,0.0562,1.0400,4.7700,4.1700,38.1500,10.2100,659,False,113.0358,28.1969
1252,5,era1,Furong,4702.5600,38.7973,0.5778,0.0000,0.3295,0.0562,6.8600,12.8200,9.8400,7.9700,9.4700,660,False,112.9952,28.2020
1570,2,era2,Yuhua,3046.3000,38.6108,0.2227,0.1095,0.1895,0.0562,6.2600,6.7100,6.8600,19.3700,9.1400,661,False,113.0351,28.1563
835,3,era2,Tianxin,1659.7100,23.6909,0.1213,0.0000,0.0692,0.0562,0.4500,3.8700,3.1300,32.1900,8.3600,662,False,112.9437,28.1712
1299,2,era1,Furong,2481.1300,41.1429,0.3049,0.0000,0.1739,0.0562,14.1600,7.6000,6.1100,1.7900,8.1100,663,False,113.0008,28.2290
237,1,era1,Yuelu,1035.2700,40.1058,0.1272,0.0000,0.0725,0.0562,10.2800,4.3200,3.5800,12.3700,7.5700,664,False,112.8687,28.2489
926,1,era1,Yuelu,59.1700,23.9225,0.0073,0.0000,0.0042,0.0562,0.6000,0.7500,0.7500,33.1600,7.1900,665,False,112.9546,28.2116
523,1,era2,Yuelu,742.9300,38.2050,0.0543,0.0000,0.0310,0.0562,5.3700,2.2400,2.2400,19.3700,6.6000,666,False,112.9042,28.2439
1316,2,era2,Tianxin,4606.1200,36.9865,0.3380,0.1777,0.2941,0.0562,4.0200,8.2000,8.6400,0.0000,5.3900,667,False,113.0038,28.1207
1181,1,era2,Kaifu,6.3200,13.0167,0.0005,0.0000,0.0003,0.0562,0.1500,0.1500,0.1500,26.0100,5.3200,668,False,112.9859,28.2518
954,1,era2,Tianxin,354.4700,33.9768,0.0259,0.0000,0.0148,0.0562,1.9400,1.2700,1.2700,17.8800,4.7900,669,False,112.9586,28.1529
1423,1,era2,Furong,9.4300,14.6712,0.0007,0.0000,0.0004,0.0562,0.3000,0.3000,0.3000,8.6400,1.9700,670,False,113.0161,28.2333
856,1,era2,Kaifu,68.1800,24.7002,0.0050,0.0000,0.0029,0.0562,0.7500,0.6000,0.6000,6.7800,1.8800,671,False,112.9454,28.2659
