grid_id,building_count,total_floor_area_m2,baseline_energy_GWh,R5_savings_GWh,R5_heating_savings_GWh,R5_cooling_savings_GWh,dominant_era,R5_savings_pct
0,0,,,0.0000,,,,
1,0,,,0.0000,,,,
2,0,,,0.0000,,,,
3,0,,,0.0000,,,,
4,0,,,0.0000,,,,
5,0,,,0.0000,,,,
6,0,,,0.0000,,,,
7,0,,,0.0000,,,,
8,0,,,0.0000,,,,
9,0,,,0.0000,,,,
10,0,,,0.0000,,,,
11,0,,,0.0000,,,,
12,0,,,0.0000,,,,
13,0,,,0.0000,,,,
14,0,,,0.0000,,,,
15,0,,,0.0000,,,,
16,0,,,0.0000,,,,
17,0,,,0.0000,,,,
18,0,,,0.0000,,,,
19,0,,,0.0000,,,,
20,0,,,0.0000,,,,
21,0,,,0.0000,,,,
22,0,,,0.0000,,,,
23,0,,,0.0000,,,,
24,0,,,0.0000,,,,
25,0,,,0.0000,,,,
26,0,,,0.0000,,,,
27,0,,,0.0000,,,,
28,0,,,0.0000,,,,
29,0,,,0.0000,,,,
30,0,,,0.0000,,,,
31,0,,,0.0000,,,,
32,0,,,0.0000,,,,
33,0,,,0.0000,,,,
34,15,7185.9600,1.1583,0.2367,0.1634,0.0259,era3,20.4400
35,9,5082.3100,0.8486,0.1879,0.1351,0.0223,era3,22.1400
36,7,4361.4800,0.6560,0.1025,0.0649,0.0085,era3,15.6200
37,0,,,0.0000,,,,
38,0,,,0.0000,,,,
39,0,,,0.0000,,,,
40,0,,,0.0000,,,,
41,0,,,0.0000,,,,
42,0,,,0.0000,,,,
43,0,,,0.0000,,,,
44,0,,,0.0000,,,,
45,0,,,0.0000,,,,
46,0,,,0.0000,,,,
47,0,,,0.0000,,,,
48,0,,,0.0000,,,,
49,0,,,0.0000,,,,
50,0,,,0.0000,,,,
51,0,,,0.0000,,,,
52,0,,,0.0000,,,,
53,0,,,0.0000,,,,
54,0,,,0.0000,,,,
55,0,,,0.0000,,,,
56,0,,,0.0000,,,,
57,0,,,0.0000,,,,
58,0,,,0.0000,,,,
59,0,,,0.0000,,,,
60,0,,,0.0000,,,,
61,0,,,0.0000,,,,
62,0,,,0.0000,,,,
63,0,,,0.0000,,,,
64,0,,,0.0000,,,,
65,0,,,0.0000,,,,
66,0,,,0.0000,,,,
67,0,,,0.0000,,,,
68,0,,,0.0000,,,,
69,0,,,0.0000,,,,
70,0,,,0.0000,,,,
71,0,,,0.0000,,,,
72,0,,,0.0000,,,,
73,0,,,0.0000,,,,
74,0,,,0.0000,,,,
75,1,1100.5000,0.1655,0.0259,0.0164,0.0021,era3,15.6200
76,21,11161.0800,2.1510,0.6460,0.4997,0.0917,era2,30.0400
77,33,13652.8800,2.5569,0.7299,0.5587,0.1011,era2,28.5500
78,0,,,0.0000,,,,
79,0,,,0.0000,,,,
80,0,,,0.0000,,,,
81,0,,,0.0000,,,,
82,0,,,0.0000,,,,
83,0,,,0.0000,,,,
84,0,,,0.0000,,,,
85,0,,,0.0000,,,,
86,0,,,0.0000,,,,
87,0,,,0.0000,,,,
88,0,,,0.0000,,,,
89,0,,,0.0000,,,,
90,0,,,0.0000,,,,
91,0,,,0.0000,,,,
92,0,,,0.0000,,,,
93,0,,,0.0000,,,,
94,0,,,0.0000,,,,
95,0,,,0.0000,,,,
96,0,,,0.0000,,,,
97,0,,,0.0000,,,,
98,0,,,0.0000,,,,
99,0,,,0.0000,,,,
100,0,,,0.0000,,,,
101,0,,,0.0000,,,,
102,0,,,0.0000,,,,
103,0,,,0.0000,,,,
104,0,,,0.0000,,,,
105,0,,,0.0000,,,,
106,0,,,0.0000,,,,
107,0,,,0.0000,,,,
108,0,,,0.0000,,,,
109,0,,,0.0000,,,,
110,0,,,0.0000,,,,
111,0,,,0.0000,,,,
112,0,,,0.0000,,,,
113,0,,,0.0000,,,,
114,0,,,0.0000,,,,
115,0,,,0.0000,,,,
116,25,41814.4900,6.7475,1.3550,0.9456,0.1491,era3,20.0800
117,46,49360.4000,8.6195,2.1313,1.5786,0.2730,era3,24.7300
118,0,,,0.0000,,,,
119,0,,,0.0000,,,,
120,0,,,0.0000,,,,
121,0,,,0.0000,,,,
122,0,,,0.0000,,,,
123,0,,,0.0000,,,,
124,0,,,0.0000,,,,
125,0,,,0.0000,,,,
126,0,,,0.0000,,,,
127,0,,,0.0000,,,,
128,0,,,0.0000,,,,
129,0,,,0.0000,,,,
130,0,,,0.0000,,,,
131,0,,,0.0000,,,,
132,0,,,0.0000,,,,
133,0,,,0.0000,,,,
134,0,,,0.0000,,,,
135,0,,,0.0000,,,,
136,0,,,0.0000,,,,
137,0,,,0.0000,,,,
138,0,,,0.0000,,,,
139,0,,,0.0000,,,,
140,0,,,0.0000,,,,
141,0,,,0.0000,,,,
142,0,,,0.0000,,,,
143,0,,,0.0000,,,,
144,0,,,0.0000,,,,
145,0,,,0.0000,,,,
146,0,,,0.0000,,,,
147,0,,,0.0000,,,,
148,0,,,0.0000,,,,
149,0,,,0.0000,,,,
150,0,,,0.0000,,,,
151,0,,,0.0000,,,,
152,0,,,0.0000,,,,
153,0,,,0.0000,,,,
154,0,,,0.0000,,,,
155,0,,,0.0000,,,,
156,0,,,0.0000,,,,
157,1,132099.1700,19.8690,3.1043,1.9643,0.2563,era3,15.6200
158,25,37738.0000,6.4945,1.5699,1.1462,0.1964,era3,24.1700
159,0,,,0.0000,,,,
160,0,,,0.0000,,,,
161,0,,,0.0000,,,,
162,0,,,0.0000,,,,
163,0,,,0.0000,,,,
164,0,,,0.0000,,,,
165,0,,,0.0000,,,,
166,0,,,0.0000,,,,
167,0,,,0.0000,,,,
168,0,,,0.0000,,,,
169,0,,,0.0000,,,,
170,0,,,0.0000,,,,
171,0,,,0.0000,,,,
172,0,,,0.0000,,,,
173,0,,,0.0000,,,,
174,0,,,0.0000,,,,
175,0,,,0.0000,,,,
176,0,,,0.0000,,,,
177,0,,,0.0000,,,,
178,0,,,0.0000,,,,
179,0,,,0.0000,,,,
180,0,,,0.0000,,,,
181,0,,,0.0000,,,,
182,0,,,0.0000,,,,
183,0,,,0.0000,,,,
184,0,,,0.0000,,,,
185,0,,,0.0000,,,,
186,6,9526.5300,1.8055,0.5267,0.4049,0.0737,era2,29.1700
187,10,23045.3300,3.4662,0.5416,0.3427,0.0447,era3,15.6200
188,0,,,0.0000,,,,
189,0,,,0.0000,,,,
190,0,,,0.0000,,,,
191,0,,,0.0000,,,,
192,0,,,0.0000,,,,
193,0,,,0.0000,,,,
194,0,,,0.0000,,,,
195,0,,,0.0000,,,,
196,6,6708.9200,1.0091,0.1577,0.0998,0.0130,era3,15.6200
197,2,2766.0300,0.4598,0.1006,0.0721,0.0119,era3,21.8700
198,0,,,0.0000,,,,
199,12,6950.7700,1.2430,0.3239,0.2430,0.0428,era3,26.0600
200,38,50802.4000,7.6412,1.1939,0.7554,0.0986,era3,15.6200
201,73,88324.0500,13.2848,2.0756,1.3134,0.1713,era3,15.6200
202,0,,,0.0000,,,,
203,0,,,0.0000,,,,
204,0,,,0.0000,,,,
205,0,,,0.0000,,,,
206,0,,,0.0000,,,,
207,0,,,0.0000,,,,
208,0,,,0.0000,,,,
209,0,,,0.0000,,,,
210,0,,,0.0000,,,,
211,0,,,0.0000,,,,
212,0,,,0.0000,,,,
213,0,,,0.0000,,,,
214,0,,,0.0000,,,,
215,0,,,0.0000,,,,
216,0,,,0.0000,,,,
217,0,,,0.0000,,,,
218,0,,,0.0000,,,,
219,0,,,0.0000,,,,
220,0,,,0.0000,,,,
221,0,,,0.0000,,,,
222,0,,,0.0000,,,,
223,0,,,0.0000,,,,
224,0,,,0.0000,,,,
225,0,,,0.0000,,,,
226,0,,,0.0000,,,,
227,16,98938.9400,17.3545,4.3349,3.2188,0.5587,era2,24.9800
228,9,205073.6400,30.8451,4.8192,3.0494,0.3978,era3,15.6200
229,0,,,0.0000,,,,
230,0,,,0.0000,,,,
231,0,,,0.0000,,,,
232,0,,,0.0000,,,,
233,0,,,0.0000,,,,
234,0,,,0.0000,,,,
235,0,,,0.0000,,,,
236,0,,,0.0000,,,,
237,1,1035.2700,0.2704,0.1272,0.1000,0.0200,era1,47.0400
238,15,39846.9500,7.7270,2.3453,1.8176,0.3344,era2,30.3500
239,14,13687.1500,2.7780,0.9063,0.7119,0.1332,era2,32.6200
240,7,16232.4000,3.5466,1.3070,1.0325,0.1981,era2,36.8500
241,16,73492.8500,11.0541,1.7271,1.0928,0.1426,era3,15.6200
242,148,133205.1400,20.0354,3.1303,1.9808,0.2584,era3,15.6200
243,0,,,0.0000,,,,
244,0,,,0.0000,,,,
245,0,,,0.0000,,,,
246,0,,,0.0000,,,,
247,0,,,0.0000,,,,
248,0,,,0.0000,,,,
249,0,,,0.0000,,,,
250,0,,,0.0000,,,,
251,0,,,0.0000,,,,
252,0,,,0.0000,,,,
253,0,,,0.0000,,,,
254,0,,,0.0000,,,,
255,0,,,0.0000,,,,
256,0,,,0.0000,,,,
257,0,,,0.0000,,,,
258,0,,,0.0000,,,,
259,0,,,0.0000,,,,
260,0,,,0.0000,,,,
261,0,,,0.0000,,,,
262,0,,,0.0000,,,,
263,0,,,0.0000,,,,
264,0,,,0.0000,,,,
265,0,,,0.0000,,,,
266,0,,,0.0000,,,,
267,0,,,0.0000,,,,
268,9,79112.8000,12.7006,2.5103,1.7426,0.2723,era3,19.7700
269,2,9121.9100,1.3720,0.2144,0.1356,0.0177,era3,15.6200
270,6,97597.0700,14.6796,2.2935,1.4513,0.1893,era3,15.6200
271,5,75763.4400,11.3956,1.7804,1.1266,0.1470,era3,15.6200
272,0,,,0.0000,,,,
273,0,,,0.0000,,,,
274,30,359579.7500,54.0844,8.4501,5.3470,0.6976,era3,15.6200
275,31,405771.6200,61.0321,9.5356,6.0338,0.7872,era3,15.6200
276,9,124804.1300,18.7718,2.9329,1.8558,0.2421,era3,15.6200
277,7,10334.2000,1.5544,0.2429,0.1537,0.0200,era3,15.6200
278,2,2951.4500,0.6240,0.2157,0.1712,0.0324,era2,34.5700
279,21,43802.6100,7.1890,1.5175,1.0758,0.1741,era3,21.1100
280,40,60391.1100,11.2042,3.1427,2.3967,0.4317,era3,28.0500
281,13,17589.1100,2.6456,0.4133,0.2616,0.0341,era3,15.6200
282,41,176251.5900,29.1381,6.2777,4.4780,0.7317,era3,21.5400
283,52,197150.8100,29.8862,4.8222,3.0961,0.4170,era3,16.1400
284,0,,,0.0000,,,,
285,0,,,0.0000,,,,
286,0,,,0.0000,,,,
287,0,,,0.0000,,,,
288,0,,,0.0000,,,,
289,0,,,0.0000,,,,
290,0,,,0.0000,,,,
291,0,,,0.0000,,,,
292,0,,,0.0000,,,,
293,0,,,0.0000,,,,
294,0,,,0.0000,,,,
295,0,,,0.0000,,,,
296,0,,,0.0000,,,,
297,0,,,0.0000,,,,
298,0,,,0.0000,,,,
299,0,,,0.0000,,,,
300,0,,,0.0000,,,,
301,0,,,0.0000,,,,
302,0,,,0.0000,,,,
303,0,,,0.0000,,,,
304,0,,,0.0000,,,,
305,0,,,0.0000,,,,
306,0,,,0.0000,,,,
307,0,,,0.0000,,,,
308,0,,,0.0000,,,,
309,7,23736.5600,3.9012,0.8268,0.5868,0.0951,era3,21.1900
310,13,227921.8000,34.4803,5.5175,3.5295,0.4716,era3,16.0000
311,22,153034.3500,24.6913,4.9563,3.4582,0.5451,era3,20.0700
312,3,174743.1300,26.2831,4.1065,2.5984,0.3390,era3,15.6200
313,0,,,0.0000,,,,
314,0,,,0.0000,,,,
315,57,369522.3800,56.4838,9.4184,6.1335,0.8509,era3,16.6700
316,30,667848.3100,100.7675,15.9516,10.1545,1.3426,era3,15.8300
317,39,398347.4200,59.9154,9.3612,5.9234,0.7728,era3,15.6200
318,0,,,0.0000,,,,
319,0,,,0.0000,,,,
320,6,15492.0800,2.8280,0.7686,0.5822,0.1039,era2,27.1800
321,11,26736.4600,5.5391,1.8617,1.4700,0.2770,era2,33.6100
322,32,55740.7200,11.3206,3.6964,2.9040,0.5437,era2,32.6500
323,32,97701.7500,19.3156,6.0508,4.7178,0.8748,era3,31.3300
324,18,23924.5200,3.7910,0.7187,0.4918,0.0750,era3,18.9600
325,0,,,0.0000,,,,
326,0,,,0.0000,,,,
327,0,,,0.0000,,,,
328,0,,,0.0000,,,,
329,0,,,0.0000,,,,
330,0,,,0.0000,,,,
331,0,,,0.0000,,,,
332,0,,,0.0000,,,,
333,0,,,0.0000,,,,
334,0,,,0.0000,,,,
335,0,,,0.0000,,,,
336,0,,,0.0000,,,,
337,0,,,0.0000,,,,
338,0,,,0.0000,,,,
339,0,,,0.0000,,,,
340,0,,,0.0000,,,,
341,0,,,0.0000,,,,
342,0,,,0.0000,,,,
343,0,,,0.0000,,,,
344,0,,,0.0000,,,,
345,0,,,0.0000,,,,
346,0,,,0.0000,,,,
347,0,,,0.0000,,,,
348,0,,,0.0000,,,,
349,0,,,0.0000,,,,
350,18,46257.9100,7.8867,1.8421,1.3444,0.2275,era3,23.3600
351,31,117556.4900,17.6817,2.7626,1.7481,0.2281,era3,15.6200
352,25,214162.0500,35.2900,7.5342,5.3596,0.8720,era3,21.3500
353,3,348853.3200,52.4710,8.1981,5.1874,0.6768,era3,15.6200
354,10,373384.8600,56.1608,8.7745,5.5522,0.7244,era3,15.6200
355,11,288424.1700,43.3819,6.7780,4.2889,0.5595,era3,15.6200
356,11,20783.3100,3.2352,0.5772,0.3862,0.0565,era3,17.8400
357,16,411653.4000,61.9168,9.6739,6.1213,0.7986,era3,15.6200
358,19,138221.3000,23.3414,5.3339,3.8629,0.6478,era3,22.8500
359,0,,,0.0000,,,,
360,0,,,0.0000,,,,
361,1,4951.1300,0.7447,0.1164,0.0736,0.0096,era3,15.6200
362,12,10932.8600,1.8704,0.4406,0.3223,0.0547,era3,23.5600
363,47,50292.2800,8.8073,2.1919,1.6261,0.2819,era3,24.8900
364,23,43261.3300,7.5614,1.8736,1.3884,0.2403,era2,24.7800
365,22,26177.5200,4.1836,0.8153,0.5633,0.0873,era3,19.4900
366,13,7478.6400,1.3847,0.4088,0.3030,0.0552,era3,29.5200
367,26,51822.5000,7.7946,1.2178,0.7706,0.1005,era3,15.6200
368,0,,,0.0000,,,,
369,0,,,0.0000,,,,
370,0,,,0.0000,,,,
371,0,,,0.0000,,,,
372,0,,,0.0000,,,,
373,0,,,0.0000,,,,
374,0,,,0.0000,,,,
375,0,,,0.0000,,,,
376,0,,,0.0000,,,,
377,0,,,0.0000,,,,
378,0,,,0.0000,,,,
379,0,,,0.0000,,,,
380,0,,,0.0000,,,,
381,0,,,0.0000,,,,
382,0,,,0.0000,,,,
383,0,,,0.0000,,,,
384,0,,,0.0000,,,,
385,0,,,0.0000,,,,
386,0,,,0.0000,,,,
387,0,,,0.0000,,,,
388,0,,,0.0000,,,,
389,0,,,0.0000,,,,
390,0,,,0.0000,,,,
391,0,,,0.0000,,,,
392,28,221179.2300,38.7073,9.6185,7.1329,1.2359,era3,24.8500
393,30,125920.8600,22.1054,5.5318,4.1094,0.7138,era3,25.0200
394,23,65072.1000,9.7875,1.5292,0.9676,0.1262,era3,15.6200
395,14,125681.0500,18.9037,2.9535,1.8689,0.2438,era3,15.6200
396,15,205841.5700,34.5682,7.7691,5.6101,0.9344,era3,22.4700
397,0,,,0.0000,,,,
398,1,2234.9400,0.3362,0.0525,0.0332,0.0043,era3,15.6200
399,14,41698.0100,6.6840,1.3149,0.9114,0.1420,era3,19.6700
400,35,87562.0700,13.2932,2.1577,1.3890,0.1881,era3,16.2300
401,0,,,0.0000,,,,
402,0,,,0.0000,,,,
403,0,,,0.0000,,,,
404,5,4897.8600,1.0356,0.3580,0.2840,0.0538,era2,34.5700
405,0,,,0.0000,,,,
406,4,10281.6400,2.0533,0.6535,0.5111,0.0951,era2,31.8300
407,12,8458.9700,1.6494,0.5151,0.3960,0.0733,era3,31.2300
408,19,9135.6200,1.5079,0.3347,0.2346,0.0387,era3,22.2000
409,0,,,0.0000,,,,
410,0,,,0.0000,,,,
411,0,,,0.0000,,,,
412,0,,,0.0000,,,,
413,0,,,0.0000,,,,
414,0,,,0.0000,,,,
415,0,,,0.0000,,,,
416,0,,,0.0000,,,,
417,0,,,0.0000,,,,
418,0,,,0.0000,,,,
419,0,,,0.0000,,,,
420,0,,,0.0000,,,,
421,0,,,0.0000,,,,
422,0,,,0.0000,,,,
423,0,,,0.0000,,,,
424,0,,,0.0000,,,,
425,0,,,0.0000,,,,
426,0,,,0.0000,,,,
427,0,,,0.0000,,,,
428,0,,,0.0000,,,,
429,0,,,0.0000,,,,
430,0,,,0.0000,,,,
431,0,,,0.0000,,,,
432,0,,,0.0000,,,,
433,0,,,0.0000,,,,
434,34,215394.9200,38.5858,10.1079,7.5822,1.3373,era2,26.2000
435,2,25993.0400,5.4957,1.8998,1.5073,0.2857,era2,34.5700
436,13,143000.7800,29.2198,9.6271,7.5754,1.4211,era2,32.9500
437,35,210753.5800,41.6980,13.0784,10.1994,1.8918,era2,31.3600
438,0,,,0.0000,,,,
439,1,94.5700,0.0142,0.0022,0.0014,0.0002,era3,15.6200
440,17,77799.7500,14.2017,3.8598,2.9234,0.5217,era3,27.1800
441,14,23641.9500,3.5560,0.5556,0.3516,0.0459,era3,15.6200
442,0,,,0.0000,,,,
443,0,,,0.0000,,,,
444,0,,,0.0000,,,,
445,0,,,0.0000,,,,
446,0,,,0.0000,,,,
447,0,,,0.0000,,,,
448,7,6294.0000,1.0173,0.2053,0.1435,0.0227,era3,20.1800
449,26,29280.2400,5.6078,1.6664,1.2861,0.2353,era2,29.7200
450,0,,,0.0000,,,,
451,0,,,0.0000,,,,
452,0,,,0.0000,,,,
453,0,,,0.0000,,,,
454,0,,,0.0000,,,,
455,0,,,0.0000,,,,
456,0,,,0.0000,,,,
457,0,,,0.0000,,,,
458,0,,,0.0000,,,,
459,0,,,0.0000,,,,
460,0,,,0.0000,,,,
461,0,,,0.0000,,,,
462,0,,,0.0000,,,,
463,0,,,0.0000,,,,
464,0,,,0.0000,,,,
465,0,,,0.0000,,,,
466,0,,,0.0000,,,,
467,0,,,0.0000,,,,
468,0,,,0.0000,,,,
469,0,,,0.0000,,,,
470,0,,,0.0000,,,,
471,0,,,0.0000,,,,
472,0,,,0.0000,,,,
473,0,,,0.0000,,,,
474,0,,,0.0000,,,,
475,42,132381.4100,27.1066,8.9583,7.0529,1.3239,era2,33.0500
476,25,66581.0700,14.0772,4.8664,3.8610,0.7317,era2,34.5700
477,68,149829.4200,31.8046,11.0772,8.7866,1.6677,era2,34.8300
478,23,184461.1500,34.0606,9.4676,7.2060,1.2946,era2,27.8000
479,0,,,0.0000,,,,
480,0,,,0.0000,,,,
481,21,67549.8100,11.3799,2.5787,1.8664,0.3119,era3,22.6600
482,3,12924.8000,2.0749,0.4101,0.2847,0.0445,era3,19.7600
483,0,,,0.0000,,,,
484,0,,,0.0000,,,,
485,0,,,0.0000,,,,
486,0,,,0.0000,,,,
487,0,,,0.0000,,,,
488,0,,,0.0000,,,,
489,0,,,0.0000,,,,
490,1,794.9200,0.1196,0.0187,0.0118,0.0015,era3,15.6200
491,0,,,0.0000,,,,
492,0,,,0.0000,,,,
493,0,,,0.0000,,,,
494,0,,,0.0000,,,,
495,0,,,0.0000,,,,
496,0,,,0.0000,,,,
497,0,,,0.0000,,,,
498,0,,,0.0000,,,,
499,0,,,0.0000,,,,
500,0,,,0.0000,,,,
501,0,,,0.0000,,,,
502,0,,,0.0000,,,,
503,0,,,0.0000,,,,
504,0,,,0.0000,,,,
505,0,,,0.0000,,,,
506,1,27324.5400,4.1099,0.6421,0.4063,0.0530,era3,15.6200
507,1,31360.0400,4.7169,0.7370,0.4663,0.0608,era3,15.6200
508,0,,,0.0000,,,,
509,0,,,0.0000,,,,
510,0,,,0.0000,,,,
511,0,,,0.0000,,,,
512,0,,,0.0000,,,,
513,0,,,0.0000,,,,
514,0,,,0.0000,,,,
515,0,,,0.0000,,,,
516,55,117974.3000,25.1199,8.7993,6.9784,1.3260,era2,35.0300
517,127,278535.0700,60.5579,22.0253,17.4467,3.3391,era2,36.3700
518,73,244374.7300,52.8936,19.2416,15.1804,2.9052,era2,36.3800
519,47,201311.7000,40.3375,12.9980,10.1358,1.8914,era2,32.2200
520,0,,,0.0000,,,,
521,0,,,0.0000,,,,
522,9,59673.6800,10.0983,2.3148,1.6808,0.2823,era3,22.9200
523,1,742.9300,0.1571,0.0543,0.0431,0.0082,era2,34.5700
524,0,,,0.0000,,,,
525,0,,,0.0000,,,,
526,0,,,0.0000,,,,
527,0,,,0.0000,,,,
528,0,,,0.0000,,,,
529,0,,,0.0000,,,,
530,15,40655.3100,6.1150,0.9554,0.6045,0.0789,era3,15.6200
531,67,167365.6900,26.3924,4.9237,3.3501,0.5055,era3,18.6600
532,0,,,0.0000,,,,
533,0,,,0.0000,,,,
534,0,,,0.0000,,,,
535,0,,,0.0000,,,,
536,0,,,0.0000,,,,
537,0,,,0.0000,,,,
538,0,,,0.0000,,,,
539,0,,,0.0000,,,,
540,0,,,0.0000,,,,
541,0,,,0.0000,,,,
542,0,,,0.0000,,,,
543,0,,,0.0000,,,,
544,0,,,0.0000,,,,
545,0,,,0.0000,,,,
546,0,,,0.0000,,,,
547,3,5985.8900,1.2656,0.4375,0.3471,0.0658,era2,34.5700
548,21,142143.2300,28.9073,9.5412,7.4641,1.4004,era2,33.0100
549,0,,,0.0000,,,,
550,0,,,0.0000,,,,
551,0,,,0.0000,,,,
552,0,,,0.0000,,,,
553,0,,,0.0000,,,,
554,0,,,0.0000,,,,
555,0,,,0.0000,,,,
556,0,,,0.0000,,,,
557,11,35102.5900,8.3832,3.5272,2.7821,0.5461,era2,42.0700
558,54,280729.4100,60.8270,22.0165,17.4322,3.3332,era2,36.2000
559,63,382695.0500,88.2953,35.5612,28.0015,5.4571,era2,40.2800
560,42,226307.0500,41.3369,11.2492,8.5223,1.5214,era2,27.2100
561,0,,,0.0000,,,,
562,0,,,0.0000,,,,
563,1,1916.7300,0.2883,0.0450,0.0285,0.0037,era3,15.6200
564,20,40191.5300,7.0556,1.7784,1.3164,0.2291,era3,25.2100
565,0,,,0.0000,,,,
566,0,,,0.0000,,,,
567,0,,,0.0000,,,,
568,0,,,0.0000,,,,
569,0,,,0.0000,,,,
570,0,,,0.0000,,,,
571,120,177351.5300,27.0828,4.5331,2.9379,0.4079,era3,16.7400
572,154,236863.0300,37.1234,6.7827,4.5799,0.6815,era3,18.2700
573,0,,,0.0000,,,,
574,0,,,0.0000,,,,
575,0,,,0.0000,,,,
576,0,,,0.0000,,,,
577,0,,,0.0000,,,,
578,0,,,0.0000,,,,
579,0,,,0.0000,,,,
580,0,,,0.0000,,,,
581,0,,,0.0000,,,,
582,0,,,0.0000,,,,
583,0,,,0.0000,,,,
584,0,,,0.0000,,,,
585,0,,,0.0000,,,,
586,0,,,0.0000,,,,
587,0,,,0.0000,,,,
588,0,,,0.0000,,,,
589,32,43490.6500,6.8335,1.2594,0.8531,0.1277,era3,18.4300
590,2,4050.1400,0.8563,0.2960,0.2349,0.0445,era2,34.5700
591,21,7671.3700,1.5785,0.5254,0.4142,0.0779,era2,33.2800
592,0,,,0.0000,,,,
593,0,,,0.0000,,,,
594,0,,,0.0000,,,,
595,0,,,0.0000,,,,
596,0,,,0.0000,,,,
597,0,,,0.0000,,,,
598,7,40137.3100,8.9695,3.4169,2.7027,0.5217,era1,38.0900
599,42,114342.0400,23.6985,8.1561,6.3631,1.2042,era2,34.4200
600,71,181962.1500,37.9763,13.4016,10.3896,1.9759,era2,35.2900
601,32,117101.4700,24.5942,8.4831,6.6960,1.2682,era2,34.4900
602,3,88570.6700,18.7265,6.4736,5.1362,0.9734,era2,34.5700
603,4,107500.9100,16.3483,2.6718,1.7251,0.2351,era3,16.3400
604,4,26949.3900,4.0535,0.6333,0.4007,0.0523,era3,15.6200
605,35,63579.6200,10.5166,2.2925,1.6280,0.2671,era3,21.8000
606,12,25734.1800,3.8707,0.6048,0.3827,0.0499,era3,15.6200
607,12,22154.3100,3.6901,0.8115,0.5823,0.0961,era3,21.9900
608,18,16854.2700,3.0583,0.8213,0.6204,0.1103,era3,26.8500
609,2,2038.4600,0.3066,0.0479,0.0303,0.0040,era3,15.6200
610,3,2450.8900,0.4554,0.1281,0.0978,0.0176,era3,28.1300
611,14,32004.5700,5.9959,1.7128,1.3113,0.2374,era2,28.5700
612,17,29845.1700,5.7069,1.6911,1.3044,0.2385,era3,29.6300
613,34,152729.9600,23.4734,3.9966,2.6253,0.3706,era3,17.0300
614,0,,,0.0000,,,,
615,0,,,0.0000,,,,
616,0,,,0.0000,,,,
617,0,,,0.0000,,,,
618,0,,,0.0000,,,,
619,0,,,0.0000,,,,
620,0,,,0.0000,,,,
621,0,,,0.0000,,,,
622,0,,,0.0000,,,,
623,0,,,0.0000,,,,
624,0,,,0.0000,,,,
625,0,,,0.0000,,,,
626,0,,,0.0000,,,,
627,0,,,0.0000,,,,
628,1,14966.7600,2.2512,0.3517,0.2226,0.0290,era3,15.6200
629,12,64359.9400,13.3130,4.4646,3.5240,0.6636,era2,33.5400
630,21,74663.4900,15.7861,5.4572,4.3297,0.8206,era2,34.5700
631,67,126749.8500,28.8268,11.3593,8.9498,1.7377,era2,39.4100
632,74,33874.6300,6.6838,2.0955,1.6295,0.3022,era2,31.3500
633,0,,,0.0000,,,,
634,0,,,0.0000,,,,
635,0,,,0.0000,,,,
636,0,,,0.0000,,,,
637,0,,,0.0000,,,,
638,0,,,0.0000,,,,
639,15,41688.3900,9.6666,3.8994,3.0793,0.6003,era2,40.3400
640,59,164233.8300,33.0632,10.6897,8.3636,1.5621,era2,32.3300
641,61,160346.9500,32.9565,11.0278,8.6588,1.6295,era2,33.4600
642,90,220283.6600,42.5528,12.8321,9.9323,1.8244,era2,30.1600
643,19,100009.3100,15.1762,2.4590,1.5817,0.2139,era3,16.2000
644,14,84355.4000,12.6879,1.9824,1.2544,0.1636,era3,15.6200
645,25,53440.8400,8.7563,1.8396,1.3023,0.2102,era3,21.0100
646,33,64479.1600,9.8671,1.6525,1.0781,0.1501,era3,16.7500
647,26,42101.4400,7.0964,1.6102,1.1659,0.1950,era3,22.6900
648,37,48810.4400,8.8145,2.3440,1.7666,0.3131,era3,26.5900
649,32,59792.8000,9.7307,2.0043,1.4101,0.2253,era3,20.6000
650,22,25076.8100,3.9084,0.7003,0.4694,0.0689,era3,17.9200
651,15,20922.4600,3.6034,0.8626,0.6337,0.1083,era3,23.9400
652,30,62302.3000,10.7895,2.6566,1.9436,0.3352,era3,24.6200
653,34,50386.3800,8.4601,1.9004,1.3721,0.2285,era3,22.4600
654,20,45027.6200,6.9945,1.2385,0.8264,0.1203,era3,17.7100
655,0,,,0.0000,,,,
656,0,,,0.0000,,,,
657,0,,,0.0000,,,,
658,0,,,0.0000,,,,
659,0,,,0.0000,,,,
660,0,,,0.0000,,,,
661,0,,,0.0000,,,,
662,0,,,0.0000,,,,
663,0,,,0.0000,,,,
664,5,11367.7600,1.8714,0.3985,0.2832,0.0460,era3,21.2900
665,24,63704.0600,13.2363,4.4671,3.5298,0.6656,era2,33.7500
666,23,39117.1300,8.5182,3.1067,2.4607,0.4712,era2,36.4700
667,52,71414.4700,15.4078,5.5503,4.3891,0.8385,era2,36.0200
668,0,,,0.0000,,,,
669,18,55472.6900,10.6521,3.1797,2.4562,0.4500,era2,29.8500
670,45,177147.8100,39.8029,15.2963,12.0963,2.3384,era2,38.4300
671,48,197177.3100,41.3716,14.1888,11.2230,2.1233,era2,34.3000
672,40,185634.8300,41.8735,16.1928,12.8029,2.4778,era2,38.6700
673,5,14641.6000,3.2349,1.2094,0.9571,0.1841,era2,37.3900
674,0,,,0.0000,,,,
675,0,,,0.0000,,,,
676,0,,,0.0000,,,,
677,0,,,0.0000,,,,
678,27,96763.6100,21.2621,8.0787,6.3106,1.2173,era1,38.0000
679,6,38715.4100,7.5652,2.3255,1.8067,0.3335,era2,30.7400
680,35,89519.0700,18.4788,6.2040,4.8839,0.9198,era2,33.5700
681,58,126182.1900,23.2781,6.5026,4.9305,0.8867,era2,27.9300
682,57,172983.4000,31.9675,9.0551,6.8340,1.2332,era3,28.3300
683,81,167605.6100,31.2767,8.8694,6.7796,1.2250,era2,28.3600
684,9,26126.2500,4.2939,0.9100,0.6459,0.1047,era3,21.1900
685,10,16444.3900,2.4734,0.3864,0.2445,0.0319,era3,15.6200
686,48,170996.6500,26.2171,4.4227,2.8943,0.4055,era3,16.8700
687,44,180328.6300,27.1232,4.2377,2.6815,0.3498,era3,15.6200
688,21,110035.7800,16.5505,2.5858,1.6362,0.2135,era3,15.6200
689,6,16583.9400,2.4944,0.3897,0.2466,0.0322,era3,15.6200
690,14,23312.7000,4.3201,1.2090,0.9216,0.1659,era3,27.9900
691,4,12327.4600,1.8542,0.2897,0.1833,0.0239,era3,15.6200
692,15,25873.8000,5.0460,1.5552,1.2038,0.2223,era2,30.8200
693,22,43641.0700,9.0524,3.0674,2.4146,0.4556,era2,33.8800
694,0,,,0.0000,,,,
695,0,,,0.0000,,,,
696,0,,,0.0000,,,,
697,0,,,0.0000,,,,
698,0,,,0.0000,,,,
699,0,,,0.0000,,,,
700,0,,,0.0000,,,,
701,0,,,0.0000,,,,
702,0,,,0.0000,,,,
703,0,,,0.0000,,,,
704,0,,,0.0000,,,,
705,4,21220.1600,3.3441,0.6225,0.4232,0.0638,era3,18.6100
706,14,32487.6400,5.5065,1.2674,0.9212,0.1550,era3,23.0200
707,13,52500.8700,10.4926,3.3434,2.6151,0.4869,era2,31.8600
708,20,92192.4700,17.2920,4.9502,3.7914,0.6869,era3,28.6300
709,4,113226.5300,17.0304,2.6608,1.6837,0.2197,era3,15.6200
710,42,212389.2500,44.2892,15.2578,11.9685,2.2659,era2,34.4500
711,73,185821.6400,41.4626,15.7696,12.4690,2.4060,era2,38.0300
712,58,137223.8200,29.9886,11.0050,8.7149,1.6707,era2,36.7000
713,12,43953.3300,9.1208,3.0796,2.4298,0.4582,era2,33.7600
714,0,,,0.0000,,,,
715,0,,,0.0000,,,,
716,0,,,0.0000,,,,
717,0,,,0.0000,,,,
718,0,,,0.0000,,,,
719,6,46160.5900,9.7597,3.3739,2.6769,0.5073,era2,34.5700
720,7,58518.0900,9.7740,2.1889,1.5660,0.2600,era2,22.4000
721,5,80359.0100,14.1143,3.5362,2.6277,0.4566,era2,25.0500
722,50,319769.0200,67.6082,24.3761,18.9172,3.6130,era2,36.0500
723,41,192851.6300,40.4690,13.9504,11.0060,2.0843,era2,34.4700
724,51,189348.6200,30.0258,5.7060,3.9080,0.5966,era3,19.0000
725,11,166893.8200,25.9403,4.6029,3.0738,0.4480,era3,17.7400
726,5,75965.6400,13.4982,3.4692,2.5939,0.4547,era3,25.7000
727,3,12283.1400,1.8475,0.2887,0.1827,0.0238,era3,15.6200
728,16,115386.7700,17.3553,2.7116,1.7158,0.2239,era3,15.6200
729,30,104876.9100,15.7745,2.4646,1.5595,0.2035,era3,15.6200
730,1,2733.2800,0.4111,0.0642,0.0406,0.0053,era3,15.6200
731,1,1294.0800,0.1946,0.0304,0.0192,0.0025,era3,15.6200
732,31,55461.3000,9.6931,2.4014,1.7795,0.3080,era3,24.7700
733,9,19542.2800,3.2337,0.6985,0.4986,0.0816,era3,21.6000
734,0,,,0.0000,,,,
735,0,,,0.0000,,,,
736,0,,,0.0000,,,,
737,0,,,0.0000,,,,
738,0,,,0.0000,,,,
739,0,,,0.0000,,,,
740,0,,,0.0000,,,,
741,0,,,0.0000,,,,
742,0,,,0.0000,,,,
743,0,,,0.0000,,,,
744,0,,,0.0000,,,,
745,0,,,0.0000,,,,
746,1,62891.9500,9.4596,1.4780,0.9352,0.1220,era3,15.6200
747,22,147209.7600,25.5307,6.2135,4.5838,0.7882,era3,24.3400
748,14,80772.2700,17.0324,5.8669,4.6520,0.8810,era2,34.4500
749,7,89506.7600,18.0260,5.8119,4.5556,0.8504,era2,32.2400
750,51,318299.7100,56.9981,14.8939,11.1797,1.9705,era2,26.1300
751,33,90766.3300,19.2766,6.8133,5.3650,1.0210,era2,35.3400
752,68,195473.2400,43.1243,16.1495,12.7544,2.4542,era2,37.4500
753,27,63353.2400,14.0809,5.3166,4.2065,0.8106,era2,37.7600
754,0,,,0.0000,,,,
755,0,,,0.0000,,,,
756,2,15394.8200,2.3155,0.3618,0.2289,0.0299,era3,15.6200
757,1,2717.7500,0.5746,0.1986,0.1576,0.0299,era2,34.5700
758,0,,,0.0000,,,,
759,0,,,0.0000,,,,
760,0,,,0.0000,,,,
761,0,,,0.0000,,,,
762,5,45209.1800,8.2856,2.2698,1.7222,0.3081,era2,27.3900
763,40,111456.7400,26.2073,10.8936,8.5538,1.6758,era1,41.5700
764,65,225686.7700,49.9260,18.7885,14.8340,2.8569,era2,37.6300
765,52,140844.3500,29.7693,10.3575,8.1873,1.5535,era2,34.7900
766,14,121038.5600,22.5269,6.3564,4.8537,0.8757,era2,28.2200
767,6,55089.6300,8.5551,1.5133,1.0093,0.1468,era3,17.6900
768,5,23218.6600,4.1688,1.0954,0.8233,0.1454,era2,26.2800
769,10,21997.9900,3.3087,0.5170,0.3271,0.0427,era3,15.6200
770,28,52547.2400,9.4459,2.4882,1.8712,0.3307,era3,26.3400
771,1,1725.7100,0.3649,0.1261,0.1001,0.0190,era2,34.5700
772,0,,,0.0000,,,,
773,21,42892.5500,7.1221,1.5530,1.1117,0.1827,era3,21.8000
774,0,,,0.0000,,,,
775,0,,,0.0000,,,,
776,0,,,0.0000,,,,
777,0,,,0.0000,,,,
778,0,,,0.0000,,,,
779,0,,,0.0000,,,,
780,0,,,0.0000,,,,
781,0,,,0.0000,,,,
782,0,,,0.0000,,,,
783,0,,,0.0000,,,,
784,0,,,0.0000,,,,
785,0,,,0.0000,,,,
786,0,,,0.0000,,,,
787,42,114728.2100,24.9981,9.2098,7.2595,1.3926,era2,36.8400
788,24,76197.7100,14.3158,4.1108,3.1505,0.5712,era2,28.7100
789,5,35445.1800,7.4942,2.5907,2.0555,0.3895,era2,34.5700
790,13,251924.4700,49.3997,15.2724,11.8781,2.1955,era2,30.9200
791,83,159660.3900,34.0848,11.9974,9.5132,1.8093,era2,35.2000
792,60,53361.6300,11.4251,4.0431,3.2054,0.6103,era2,35.3900
793,10,44880.2900,9.4890,3.2803,2.6026,0.4932,era2,34.5700
794,44,198948.3800,45.2339,17.7114,13.9985,2.7150,era2,39.1600
795,66,101960.8800,21.6555,7.5502,5.9887,1.1369,era2,34.8700
796,38,218291.8000,51.7228,21.5243,16.9829,3.3276,era1,41.6100
797,22,135887.6700,30.5835,11.9027,9.3626,1.8139,era2,38.9200
798,9,39300.0600,9.6325,4.1957,3.3064,0.6525,era1,43.5600
799,2,12199.5100,2.5769,0.8897,0.7057,0.1337,era2,34.5300
800,0,,,0.0000,,,,
801,0,,,0.0000,,,,
802,1,2427.7600,0.3652,0.0571,0.0361,0.0047,era3,15.6200
803,1,3937.7700,0.5923,0.0925,0.0586,0.0076,era3,15.6200
804,37,89836.2200,21.2056,8.7777,6.9267,1.3560,era2,41.3900
805,74,191427.7700,49.7258,23.2437,18.2845,3.6464,era1,46.7400
806,68,219505.2400,52.7071,22.7261,17.7618,3.5002,era1,43.1200
807,17,222483.4100,38.2678,9.1642,6.7149,1.1472,era3,23.9500
808,12,170645.1000,29.0353,6.7477,4.9179,0.8306,era2,23.2400
809,4,51459.1900,7.9803,1.4046,0.9350,0.1355,era2,17.6000
810,38,78101.3400,13.4426,3.2333,2.3669,0.4049,era3,24.0500
811,38,165862.7600,31.3690,9.1165,7.0042,1.2742,era2,29.0600
812,1,71862.8900,15.1940,5.2525,4.1673,0.7898,era2,34.5700
813,15,30475.5100,5.7846,1.6921,1.3017,0.2372,era3,29.2500
814,36,71452.9900,11.3244,2.1482,1.4704,0.2242,era3,18.9700
815,0,,,0.0000,,,,
816,0,,,0.0000,,,,
817,0,,,0.0000,,,,
818,0,,,0.0000,,,,
819,0,,,0.0000,,,,
820,0,,,0.0000,,,,
821,0,,,0.0000,,,,
822,0,,,0.0000,,,,
823,0,,,0.0000,,,,
824,0,,,0.0000,,,,
825,0,,,0.0000,,,,
826,0,,,0.0000,,,,
827,0,,,0.0000,,,,
828,10,58701.1800,9.6861,2.0758,1.4784,0.2410,era2,21.4300
829,25,16929.2300,3.9017,1.5676,1.2350,0.2406,era2,40.1800
830,20,67948.9000,14.3009,5.0174,3.9329,0.7473,era2,35.0800
831,28,142407.3600,29.5955,9.9911,7.8952,1.4889,era2,33.7600
832,24,246738.1300,47.6212,14.5000,11.1554,2.0532,era2,30.4500
833,45,296837.0300,60.4775,20.1310,15.7086,2.9522,era2,33.2900
834,1,1849.0500,0.3909,0.1351,0.1072,0.0203,era2,34.5700
835,3,1659.7100,0.3509,0.1213,0.0963,0.0182,era2,34.5700
836,2,25417.3800,5.3740,1.8578,1.4740,0.2793,era2,34.5700
837,35,110985.5800,26.0807,10.7270,8.4664,1.6557,era2,41.1300
838,17,54725.1500,10.8976,3.5885,2.7484,0.5150,era3,32.9300
839,28,220708.8300,52.4861,21.9533,17.3190,3.3963,era2,41.8300
840,12,35534.5000,7.0874,2.2513,1.7598,0.3274,era2,31.7600
841,2,1569.9900,0.2866,0.0779,0.0590,0.0105,era2,27.1800
842,1,3468.1700,0.9059,0.4261,0.3352,0.0669,era1,47.0400
843,44,115620.9300,24.6026,8.6834,6.8549,1.3043,era2,35.2900
844,9,50513.8800,10.6801,3.6921,2.9293,0.5551,era2,34.5700
845,36,86730.1100,19.8570,7.8959,6.2232,1.2102,era2,39.7600
846,22,137546.5800,35.3590,16.3308,12.8503,2.5583,era1,46.1900
847,64,242286.8100,57.3250,23.8071,18.7851,3.6795,era2,41.5300
848,26,103188.1400,20.0414,6.1241,4.7385,0.8732,era2,30.5600
849,8,54710.6600,11.5675,3.9988,3.1727,0.6013,era2,34.5700
850,8,11419.1500,2.6634,1.0837,0.8556,0.1670,era2,40.6900
851,13,66254.0800,11.7290,2.9903,2.2315,0.3901,era3,25.4900
852,50,154404.0200,25.9567,5.8494,4.2271,0.7049,era3,22.5400
853,7,21051.3900,4.0312,1.1976,0.9242,0.1691,era2,29.7100
854,7,8680.4100,1.7416,0.5583,0.4372,0.0815,era2,32.0600
855,3,4606.6200,0.6929,0.1083,0.0685,0.0089,era3,15.6200
856,1,68.1800,0.0144,0.0050,0.0040,0.0007,era2,34.5700
857,0,,,0.0000,,,,
858,0,,,0.0000,,,,
859,0,,,0.0000,,,,
860,0,,,0.0000,,,,
861,0,,,0.0000,,,,
862,0,,,0.0000,,,,
863,0,,,0.0000,,,,
864,0,,,0.0000,,,,
865,0,,,0.0000,,,,
866,0,,,0.0000,,,,
867,0,,,0.0000,,,,
868,0,,,0.0000,,,,
869,0,,,0.0000,,,,
870,0,,,0.0000,,,,
871,0,,,0.0000,,,,
872,0,,,0.0000,,,,
873,2,14514.3600,3.4496,1.4417,1.1374,0.2230,era1,41.7900
874,14,88186.4500,18.5841,6.6624,5.1700,0.9863,era2,35.8500
875,0,,,0.0000,,,,
876,0,,,0.0000,,,,
877,3,7353.4700,1.3790,0.3946,0.3022,0.0548,era2,28.6200
878,1,7342.5100,1.1044,0.1725,0.1092,0.0142,era3,15.6200
879,3,762.5700,0.1147,0.0179,0.0113,0.0015,era3,15.6200
880,10,45788.1600,10.5541,4.2198,3.3331,0.6488,era2,39.9800
881,21,75904.3500,15.6105,5.2384,4.1095,0.7738,era2,33.5600
882,6,68815.7900,15.2128,5.8027,4.5463,0.8776,era1,38.1400
883,26,383194.0500,95.3097,42.4726,33.3820,6.6112,era1,44.5600
884,81,350973.4100,88.1802,39.6266,31.2025,6.1871,era1,44.9400
885,50,109367.5500,27.2294,12.1753,9.5583,1.8940,era1,44.7100
886,32,102666.1400,24.0623,9.8594,7.7825,1.5211,era1,40.9700
887,44,199757.6200,43.5833,15.9489,12.6310,2.4202,era2,36.5900
888,30,92327.5000,21.1380,8.3655,6.6097,1.2843,era2,39.5800
889,24,607532.7800,142.6722,58.6261,46.2726,9.0480,era2,41.0900
890,1,30500.2200,6.4487,2.2293,1.7687,0.3352,era2,34.5700
891,7,81635.8300,18.7749,7.4814,5.9100,1.1497,era1,39.8500
892,0,,,0.0000,,,,
893,34,234093.9200,47.1166,15.1774,11.8948,2.2200,era2,32.2100
894,35,89622.8400,16.3316,4.4234,3.3477,0.5968,era2,27.0900
895,3,9285.7500,1.7649,0.5175,0.3983,0.0726,era2,29.3200
896,31,107726.1100,20.5977,6.1030,4.7073,0.8608,era2,29.6300
897,0,,,0.0000,,,,
898,0,,,0.0000,,,,
899,0,,,0.0000,,,,
900,0,,,0.0000,,,,
901,0,,,0.0000,,,,
902,0,,,0.0000,,,,
903,0,,,0.0000,,,,
904,0,,,0.0000,,,,
905,0,,,0.0000,,,,
906,0,,,0.0000,,,,
907,0,,,0.0000,,,,
908,0,,,0.0000,,,,
909,0,,,0.0000,,,,
910,0,,,0.0000,,,,
911,0,,,0.0000,,,,
912,0,,,0.0000,,,,
913,0,,,0.0000,,,,
914,0,,,0.0000,,,,
915,0,,,0.0000,,,,
916,0,,,0.0000,,,,
917,0,,,0.0000,,,,
918,0,,,0.0000,,,,
919,0,,,0.0000,,,,
920,0,,,0.0000,,,,
921,0,,,0.0000,,,,
922,0,,,0.0000,,,,
923,0,,,0.0000,,,,
924,0,,,0.0000,,,,
925,0,,,0.0000,,,,
926,1,59.1700,0.0155,0.0073,0.0057,0.0011,era1,47.0400
927,4,75492.6800,16.2385,5.7948,4.5929,0.8759,era2,35.6900
928,17,140177.2400,29.6377,10.2456,8.1289,1.5405,era2,34.5700
929,30,551142.7400,141.5759,65.4963,51.4699,10.2496,era1,46.2600
930,20,43902.2800,9.6063,3.6196,2.8298,0.5450,era1,37.6800
931,2,80397.1600,21.0005,9.8784,7.7696,1.5509,era1,47.0400
932,5,134187.1200,28.3712,9.8077,7.7815,1.4747,era2,34.5700
933,19,515408.2700,94.0794,26.1421,19.5780,3.5120,era2,27.7900
934,0,,,0.0000,,,,
935,0,,,0.0000,,,,
936,0,,,0.0000,,,,
937,0,,,0.0000,,,,
938,0,,,0.0000,,,,
939,0,,,0.0000,,,,
940,0,,,0.0000,,,,
941,0,,,0.0000,,,,
942,0,,,0.0000,,,,
943,0,,,0.0000,,,,
944,0,,,0.0000,,,,
945,0,,,0.0000,,,,
946,0,,,0.0000,,,,
947,0,,,0.0000,,,,
948,0,,,0.0000,,,,
949,0,,,0.0000,,,,
950,0,,,0.0000,,,,
951,0,,,0.0000,,,,
952,0,,,0.0000,,,,
953,0,,,0.0000,,,,
954,1,354.4700,0.0749,0.0259,0.0206,0.0039,era2,34.5700
955,21,30394.3700,6.9089,2.7041,2.1373,0.4145,era2,39.1400
956,16,51722.6300,11.5476,4.3922,3.4744,0.6704,era2,38.0400
957,1,2757.7200,0.5831,0.2016,0.1599,0.0303,era2,34.5700
958,0,,,0.0000,,,,
959,0,,,0.0000,,,,
960,0,,,0.0000,,,,
961,0,,,0.0000,,,,
962,0,,,0.0000,,,,
963,0,,,0.0000,,,,
964,0,,,0.0000,,,,
965,0,,,0.0000,,,,
966,0,,,0.0000,,,,
967,0,,,0.0000,,,,
968,0,,,0.0000,,,,
969,0,,,0.0000,,,,
970,0,,,0.0000,,,,
971,6,61908.3000,14.5084,5.9501,4.6942,0.9176,era2,41.0100
972,19,177710.4700,37.3397,13.4789,10.3936,1.9853,era3,36.1000
973,7,13552.5700,2.9116,1.0367,0.8218,0.1566,era2,35.6100
974,4,109796.6400,19.2175,4.7769,3.5427,0.6139,era3,24.8600
975,0,,,0.0000,,,,
976,0,,,0.0000,,,,
977,0,,,0.0000,,,,
978,0,,,0.0000,,,,
979,0,,,0.0000,,,,
980,0,,,0.0000,,,,
981,0,,,0.0000,,,,
982,0,,,0.0000,,,,
983,0,,,0.0000,,,,
984,0,,,0.0000,,,,
985,0,,,0.0000,,,,
986,0,,,0.0000,,,,
987,0,,,0.0000,,,,
988,0,,,0.0000,,,,
989,0,,,0.0000,,,,
990,0,,,0.0000,,,,
991,0,,,0.0000,,,,
992,0,,,0.0000,,,,
993,11,72844.0500,17.7581,7.7683,6.0866,1.2021,era1,43.7500
994,74,149343.7000,30.2882,10.1543,7.8568,1.4784,era2,33.5300
995,86,170404.8500,37.4379,13.8641,10.9759,2.1077,era2,37.0300
996,33,67331.1000,15.4062,6.0917,4.8133,0.9351,era2,39.5400
997,28,50671.1400,11.9134,4.9273,3.8790,0.7593,era1,41.3600
998,47,102909.8900,24.5350,10.3724,8.1512,1.6012,era1,42.2800
999,9,65615.5200,15.6120,6.5347,5.1551,1.0110,era1,41.8600
1000,4,28028.5400,7.3213,3.4439,2.7087,0.5407,era1,47.0400
1001,2,38373.9600,10.0237,4.7150,3.7085,0.7402,era1,47.0400
1002,34,57709.1400,15.0742,7.0907,5.5770,1.1132,era1,47.0400
1003,14,112622.4700,29.4181,13.8379,10.8838,2.1725,era1,47.0400
1004,15,1093993.8300,285.7621,134.4190,105.7236,21.1031,era1,47.0400
1005,11,23883.7500,6.1643,2.8602,2.2504,0.4483,era1,46.4000
1006,29,182222.2500,47.5983,22.3896,17.6100,3.5151,era1,47.0400
1007,4,17218.3100,4.4976,2.1156,1.6640,0.3321,era1,47.0400
1008,7,26678.9500,6.9688,3.2780,2.5783,0.5146,era1,47.0400
1009,1,5806.3000,1.5167,0.7134,0.5611,0.1120,era1,47.0400
1010,0,,,0.0000,,,,
1011,0,,,0.0000,,,,
1012,0,,,0.0000,,,,
1013,0,,,0.0000,,,,
1014,0,,,0.0000,,,,
1015,0,,,0.0000,,,,
1016,0,,,0.0000,,,,
1017,0,,,0.0000,,,,
1018,0,,,0.0000,,,,
1019,0,,,0.0000,,,,
1020,0,,,0.0000,,,,
1021,0,,,0.0000,,,,
1022,0,,,0.0000,,,,
1023,0,,,0.0000,,,,
1024,0,,,0.0000,,,,
1025,0,,,0.0000,,,,
1026,0,,,0.0000,,,,
1027,0,,,0.0000,,,,
1028,0,,,0.0000,,,,
1029,0,,,0.0000,,,,
1030,0,,,0.0000,,,,
1031,0,,,0.0000,,,,
1032,0,,,0.0000,,,,
1033,7,20720.3000,4.6794,1.8130,1.4334,0.2775,era2,38.7400
1034,20,67733.8800,17.1277,7.7574,6.1071,1.2124,era1,45.2900
1035,84,204233.1200,51.6855,23.4319,18.4465,3.6625,era1,45.3400
1036,69,185109.0000,42.1783,16.8088,13.1841,2.5648,era1,39.8500
1037,49,165552.9000,35.1609,12.3025,9.7396,1.8501,era2,34.9900
1038,67,155290.2600,37.8661,16.3832,12.9130,2.5458,era1,43.2700
1039,70,176141.1800,44.2852,19.9334,15.6890,3.1117,era1,45.0100
1040,4,12924.1500,3.3759,1.5880,1.2490,0.2493,era1,47.0400
1041,30,45543.0400,11.8963,5.5959,4.4013,0.8785,era1,47.0400
1042,47,74630.9500,19.4944,9.1699,7.2123,1.4396,era1,47.0400
1043,56,81619.1300,21.3197,10.0285,7.8877,1.5744,era1,47.0400
1044,33,72698.4400,18.9896,8.9325,7.0256,1.4024,era1,47.0400
1045,29,150233.2600,39.2424,18.4592,14.5185,2.8980,era1,47.0400
1046,32,320785.8100,83.3514,38.9739,30.6583,6.1144,era1,46.7600
1047,176,253750.1100,65.8892,30.7855,24.2174,4.8293,era1,46.7200
1048,24,42636.3300,10.6236,4.7252,3.7217,0.7368,era2,44.4800
1049,62,194298.1400,50.7526,23.8734,18.7770,3.7480,era1,47.0400
1050,27,191694.1900,50.0724,23.5535,18.5253,3.6978,era1,47.0400
1051,0,,,0.0000,,,,
1052,0,,,0.0000,,,,
1053,0,,,0.0000,,,,
1054,0,,,0.0000,,,,
1055,0,,,0.0000,,,,
1056,0,,,0.0000,,,,
1057,0,,,0.0000,,,,
1058,0,,,0.0000,,,,
1059,0,,,0.0000,,,,
1060,0,,,0.0000,,,,
1061,0,,,0.0000,,,,
1062,0,,,0.0000,,,,
1063,0,,,0.0000,,,,
1064,0,,,0.0000,,,,
1065,0,,,0.0000,,,,
1066,14,51778.2400,9.2811,2.4303,1.8251,0.3219,era3,26.1800
1067,48,146333.1500,24.9453,5.8243,4.2502,0.7192,era3,23.3500
1068,22,180715.7100,27.5686,4.5615,2.9609,0.4080,era3,16.5500
1069,9,51947.8300,8.0802,1.4375,0.9609,0.1403,era3,17.7900
1070,0,,,0.0000,,,,
1071,0,,,0.0000,,,,
1072,20,81629.2000,15.1858,4.3061,3.2779,0.5921,era2,28.3600
1073,3,12282.5000,2.0219,0.4450,0.3113,0.0511,era1,22.0100
1074,4,56718.7500,9.8625,2.4150,1.7843,0.3075,era3,24.4900
1075,13,79065.7700,18.0058,7.2352,5.6481,1.1003,era1,40.1800
1076,52,159956.4400,37.0099,14.8816,11.7529,2.2899,era2,40.2100
1077,36,90907.6200,20.2492,7.7593,6.1025,1.1791,era2,38.3200
1078,31,131852.9300,29.1061,10.8931,8.6102,1.6566,era2,37.4300
1079,40,115940.2900,26.6976,10.6585,8.4194,1.6384,era2,39.9200
1080,73,161290.3000,35.0238,12.9455,10.1566,1.9494,era2,36.9600
1081,14,43959.7300,10.7549,4.6736,3.6832,0.7266,era1,43.4500
1082,17,28268.6800,7.3841,3.4734,2.7319,0.5453,era1,47.0400
1083,34,108966.0200,27.3065,12.3515,9.6770,1.9209,era1,45.2300
1084,94,130262.7800,33.8531,15.8434,12.4585,2.4850,era1,46.8000
1085,194,112731.3700,28.1586,12.5633,9.8943,1.9598,era1,44.6200
1086,107,575775.1600,150.3982,70.7455,55.6429,11.1067,era1,47.0400
1087,39,1410067.6600,367.9914,172.9227,136.0109,27.1448,era1,46.9900
1088,61,108974.2400,28.4652,13.3897,10.5313,2.1021,era1,47.0400
1089,30,46672.4000,12.1913,5.7346,4.5104,0.9003,era1,47.0400
1090,27,72025.4100,18.8138,8.8498,6.9605,1.3894,era1,47.0400
1091,46,249926.4700,65.2833,30.7085,24.1529,4.8211,era1,47.0400
1092,6,10267.6900,2.6820,1.2616,0.9923,0.1981,era1,47.0400
1093,26,76428.1900,19.9638,9.3907,7.3860,1.4743,era1,47.0400
1094,10,78401.4800,19.3010,8.4550,6.6619,1.3159,era2,43.8100
1095,34,83433.1800,19.3396,7.7975,6.1577,1.2003,era2,40.3200
1096,25,89454.6200,20.7658,8.4531,6.6490,1.2981,era1,40.7100
1097,6,171375.7700,44.7651,21.0569,16.5618,3.3058,era1,47.0400
1098,2,100278.2300,17.0155,3.9272,2.8569,0.4812,era2,23.0800
1099,7,28193.1400,6.1249,2.2246,1.7622,0.3372,era2,36.3200
1100,14,143458.9400,30.3032,10.4931,8.3106,1.5754,era2,34.6300
1101,57,114921.9700,22.7273,7.1232,5.5544,1.0300,era2,31.3400
1102,26,57496.9900,11.1300,3.3681,2.6088,0.4796,era2,30.2600
1103,49,195845.8700,33.5774,7.9508,5.8238,0.9910,era2,23.6800
1104,0,,,0.0000,,,,
1105,0,,,0.0000,,,,
1106,0,,,0.0000,,,,
1107,23,41564.3500,7.1695,1.7226,1.2666,0.2168,era3,24.0300
1108,8,18946.1700,2.8497,0.4452,0.2817,0.0368,era3,15.6200
1109,8,54407.2500,9.1759,2.0852,1.5104,0.2528,era3,22.7200
1110,7,59708.3800,9.2212,1.5986,1.0578,0.1515,era3,17.3400
1111,0,,,0.0000,,,,
1112,0,,,0.0000,,,,
1113,18,168017.6800,31.2260,8.7875,6.7062,1.2091,era2,28.1400
1114,8,87855.3400,14.3695,3.0034,2.1227,0.3418,era3,20.9000
1115,12,132141.1200,20.5254,3.6336,2.4243,0.3528,era3,17.7000
1116,5,62691.4500,13.2549,4.5821,3.6355,0.6890,era2,34.5700
1117,19,67681.6300,15.9522,6.5891,5.1999,1.0176,era1,41.3100
1118,60,144039.6300,33.6521,13.7256,10.8356,2.1162,era2,40.7900
1119,67,176708.4800,37.5221,13.3677,10.4806,1.9975,era2,35.6300
1120,81,224163.6400,52.4419,21.4311,16.9178,3.3051,era2,40.8700
1121,82,204039.9400,49.0918,20.9202,16.4738,3.2402,era1,42.6100
1122,12,23899.7500,6.0315,2.7252,2.1456,0.4258,era1,45.1800
1123,3,89667.8300,23.4221,11.0175,8.6655,1.7297,era1,47.0400
1124,5,147961.2600,36.5012,16.0942,12.6545,2.5022,era2,44.0900
1125,81,361407.6500,94.4033,44.4062,34.9264,6.9716,era1,47.0400
1126,118,282781.6500,68.8400,29.7199,23.4262,4.6169,era1,43.1700
1127,264,277050.1000,72.3683,34.0411,26.7741,5.3443,era1,47.0400
1128,134,1013283.5700,259.6269,119.4493,94.0006,18.7038,era1,46.0100
1129,22,133271.3400,34.5411,16.1044,12.6692,2.5257,era1,46.6200
1130,11,41246.7600,10.7317,5.0257,3.9532,0.7886,era1,46.8300
1131,7,13618.5000,3.5573,1.6733,1.3161,0.2627,era1,47.0400
1132,12,1017388.6300,216.6405,75.8950,60.1894,11.4369,era1,35.0300
1133,5,83288.8800,21.7559,10.2337,8.0490,1.6066,era1,47.0400
1134,2,8019.8000,2.0948,0.9854,0.7750,0.1547,era1,47.0400
1135,0,,,0.0000,,,,
1136,31,188755.4500,48.5733,22.4608,17.6733,3.5191,era1,46.2400
1137,28,149762.7800,37.0336,16.3154,12.8535,2.5411,era1,44.0600
1138,2,17745.6500,3.1808,0.8328,0.6254,0.1103,era2,26.1800
1139,1,44108.0700,9.3258,3.2239,2.5578,0.4847,era2,34.5700
1140,22,48454.2500,8.0454,1.7542,1.2558,0.2063,era3,21.8000
1141,4,93137.3900,18.6573,5.9665,4.6699,0.8701,era2,31.9800
1142,8,45971.5000,8.1401,2.0763,1.5496,0.2709,era2,25.5100
1143,2,24092.1000,5.0938,1.7609,1.3971,0.2648,era2,34.5700
1144,0,,,0.0000,,,,
1145,0,,,0.0000,,,,
1146,0,,,0.0000,,,,
1147,0,,,0.0000,,,,
1148,0,,,0.0000,,,,
1149,0,,,0.0000,,,,
1150,22,88991.1500,13.9690,2.5658,1.7359,0.2592,era3,18.3700
1151,11,50826.1700,8.0674,1.5379,1.0545,0.1613,era3,19.0600
1152,29,83316.5500,16.3348,5.0487,3.9264,0.7257,era2,30.9100
1153,25,86391.3900,14.7667,3.4708,2.5372,0.4305,era3,23.5000
1154,20,85904.9100,14.8765,3.6606,2.6789,0.4619,era3,24.6100
1155,26,139469.5700,26.1635,7.5609,5.7642,1.0465,era2,28.9000
1156,31,175750.6700,38.8171,14.6023,11.5159,2.2177,era2,37.6200
1157,23,158410.9000,32.0357,10.4338,8.1713,1.5287,era2,32.5700
1158,26,97187.5900,18.5351,5.5291,4.2362,0.7756,era2,29.8300
1159,51,150270.7100,29.8553,9.6298,7.4359,1.3873,era2,32.2600
1160,60,183720.1600,46.2020,20.8675,16.3972,3.2539,era1,45.1700
1161,72,151927.2300,34.6273,13.6995,10.7889,2.0962,era2,39.5600
1162,11,47002.7200,11.1171,4.6147,3.6413,0.7132,era2,41.5100
1163,28,152314.3300,37.9353,16.8641,13.2827,2.6296,era1,44.4500
1164,12,242868.3400,61.3240,27.7256,21.8282,4.3322,era1,45.2100
1165,0,,,0.0000,,,,
1166,92,140678.1900,34.5869,15.1255,11.9183,2.3536,era1,43.7300
1167,191,252137.6900,65.3344,30.4536,23.9578,4.7759,era1,46.6100
1168,219,351354.0000,91.1698,42.5635,33.4833,6.6763,era1,46.6900
1169,61,234676.0900,56.3898,24.1788,18.9616,3.7332,era1,42.8800
1170,10,17743.8500,4.2761,1.8214,1.4362,0.2825,era1,42.6000
1171,34,194372.8900,48.6222,21.8361,17.1535,3.4012,era1,44.9100
1172,52,105154.2000,24.5121,10.1411,7.9332,1.5530,era1,41.3700
1173,22,63086.3700,16.4788,7.7514,6.0967,1.2169,era1,47.0400
1174,5,12394.1900,3.2375,1.5229,1.1978,0.2391,era1,47.0400
1175,0,,,0.0000,,,,
1176,0,,,0.0000,,,,
1177,0,,,0.0000,,,,
1178,0,,,0.0000,,,,
1179,0,,,0.0000,,,,
1180,0,,,0.0000,,,,
1181,1,6.3200,0.0013,0.0005,0.0004,0.0001,era2,34.5400
1182,3,157942.8500,23.7562,3.7117,2.3486,0.3064,era3,15.6200
1183,8,29268.5600,4.4023,0.6878,0.4352,0.0568,era3,15.6200
1184,0,,,0.0000,,,,
1185,0,,,0.0000,,,,
1186,0,,,0.0000,,,,
1187,0,,,0.0000,,,,
1188,0,,,0.0000,,,,
1189,0,,,0.0000,,,,
1190,0,,,0.0000,,,,
1191,32,154354.5600,28.5479,7.9601,6.0628,1.0902,era3,27.8800
1192,18,52362.3600,7.8758,1.2305,0.7786,0.1016,era3,15.6200
1193,37,176409.5400,32.1630,8.7204,6.6011,1.1771,era3,27.1100
1194,44,145136.9600,22.5268,3.9769,2.6505,0.3849,era3,17.6500
1195,31,146367.9100,28.4229,8.8087,6.7647,1.2502,era2,30.9900
1196,62,155626.9500,29.6817,8.7559,6.7476,1.2324,era2,29.5000
1197,41,209853.3600,45.7021,16.7606,13.2376,2.5373,era2,36.6700
1198,61,163896.5000,37.8944,15.2209,12.0213,2.3417,era2,40.1700
1199,44,117699.1100,25.7585,9.5765,7.5409,1.4490,era2,37.1800
1200,66,209731.0500,51.4251,22.4352,17.6697,3.4881,era1,43.6300
1201,68,239465.5800,62.0215,28.8939,22.7310,4.5310,era1,46.5900
1202,63,181072.2800,46.2462,21.1967,16.6823,3.3175,era1,45.8300
1203,64,185630.8300,47.6362,21.9560,17.2775,3.4387,era1,46.0900
1204,49,251413.2500,65.6716,30.8911,24.2966,4.8498,era1,47.0400
1205,32,96912.7600,24.8517,11.4448,9.0063,1.7923,era1,46.0500
1206,24,115208.1800,28.7864,12.9216,10.1461,2.0116,era1,44.8900
1207,16,58254.7500,15.2167,7.1578,5.6297,1.1237,era1,47.0400
1208,83,150071.7900,39.1726,18.4116,14.4814,2.8903,era1,47.0000
1209,94,266066.3600,69.2681,32.4604,25.5332,5.0939,era1,46.8600
1210,91,266269.6700,68.3093,31.4996,24.7769,4.9317,era1,46.1100
1211,17,40680.3800,10.4819,4.8542,3.8194,0.7607,era1,46.3100
1212,1,8605.7700,1.8195,0.6290,0.4990,0.0946,era2,34.5700
1213,0,,,0.0000,,,,
1214,2,91000.9400,23.7704,11.1813,8.7943,1.7554,era1,47.0400
1215,8,46482.6100,10.3131,3.8827,3.0723,0.5918,era1,37.6500
1216,28,61187.5900,15.2739,6.8092,5.3628,1.0621,era1,44.5800
1217,10,43568.7800,9.9966,4.0267,3.1573,0.6153,era2,40.2800
1218,16,35182.4000,8.7653,3.8981,3.0703,0.6079,era1,44.4700
1219,1,6493.6100,1.6962,0.7979,0.6275,0.1253,era1,47.0400
1220,0,,,0.0000,,,,
1221,0,,,0.0000,,,,
1222,0,,,0.0000,,,,
1223,18,247616.0600,38.2754,6.6572,4.4109,0.6333,era3,17.3900
1224,3,27979.9100,4.9334,1.2467,0.9283,0.1618,era3,25.2700
1225,0,,,0.0000,,,,
1226,0,,,0.0000,,,,
1227,0,,,0.0000,,,,
1228,0,,,0.0000,,,,
1229,0,,,0.0000,,,,
1230,0,,,0.0000,,,,
1231,0,,,0.0000,,,,
1232,32,96193.6000,17.0402,4.3505,3.2477,0.5680,era3,25.5300
1233,7,42786.5300,6.4355,1.0055,0.6362,0.0830,era3,15.6200
1234,81,130181.8800,22.7645,5.6467,4.1857,0.7247,era3,24.8000
1235,32,107929.8600,16.2337,2.5364,1.6049,0.2094,era3,15.6200
1236,22,129184.2800,26.9837,9.5528,7.3994,1.4081,era3,35.4000
1237,49,154074.8600,29.4833,8.7663,6.7561,1.2364,era2,29.7300
1238,18,98708.3700,21.2665,7.7590,6.0871,1.1655,era2,36.4800
1239,14,79696.5100,17.5013,6.4761,5.1271,0.9844,era2,37.0000
1240,31,119324.3100,24.3231,8.0170,6.2914,1.1802,era2,32.9600
1241,34,150098.6700,31.7354,10.9707,8.7042,1.6496,era2,34.5700
1242,70,163922.6600,36.3181,13.6859,10.8114,2.0827,era2,37.6800
1243,52,321307.2000,83.2614,38.8118,30.5331,6.0868,era1,46.6100
1244,87,211321.9100,53.6160,24.3817,19.1928,3.8124,era1,45.4700
1245,79,201426.0800,51.0047,23.1394,18.2159,3.6171,era1,45.3700
1246,105,227507.2700,58.1957,26.7224,21.0302,4.1833,era1,45.9200
1247,111,251453.9600,64.8605,30.0743,23.6624,4.7135,era1,46.3700
1248,111,256626.7100,67.0335,31.5317,24.8004,4.9503,era1,47.0400
1249,116,248752.8000,64.9767,30.5643,24.0395,4.7984,era1,47.0400
1250,87,249763.5800,64.6759,30.1236,23.6986,4.7238,era1,46.5800
1251,53,155037.0800,39.6445,18.1967,14.3207,2.8485,era1,45.9000
1252,5,4702.5600,1.2284,0.5778,0.4545,0.0907,era1,47.0400
1253,0,,,0.0000,,,,
1254,0,,,0.0000,,,,
1255,0,,,0.0000,,,,
1256,9,22358.8000,5.0855,1.9924,1.5747,0.3054,era2,39.1800
1257,4,16539.3300,4.3202,2.0322,1.5984,0.3190,era1,47.0400
1258,18,162279.3100,38.1234,15.6737,12.3708,2.4192,era1,41.1100
1259,30,141888.4300,32.5622,12.9334,10.2179,1.9867,era2,39.7200
1260,7,20716.9300,3.6401,0.9128,0.6784,0.1179,era2,25.0700
1261,21,112912.4400,17.4926,3.0675,2.0390,0.2946,era3,17.5400
1262,0,,,0.0000,,,,
1263,0,,,0.0000,,,,
1264,0,,,0.0000,,,,
1265,0,,,0.0000,,,,
1266,0,,,0.0000,,,,
1267,0,,,0.0000,,,,
1268,0,,,0.0000,,,,
1269,0,,,0.0000,,,,
1270,0,,,0.0000,,,,
1271,0,,,0.0000,,,,
1272,0,,,0.0000,,,,
1273,12,70194.3800,14.6167,4.9481,3.9119,0.7381,era2,33.8500
1274,6,160624.0200,25.4961,4.8609,3.3330,0.5098,era3,19.0700
1275,15,117025.0100,21.3523,5.8967,4.4272,0.7930,era2,27.6200
1276,3,94108.9000,19.7351,7.1996,5.5114,1.0547,era2,36.4800
1277,11,78674.2100,13.2210,3.0113,2.1634,0.3618,era2,22.7800
1278,18,43531.7100,8.6653,2.7440,2.1438,0.3985,era2,31.6700
1279,0,,,0.0000,,,,
1280,0,,,0.0000,,,,
1281,1,19716.3300,2.9655,0.4633,0.2932,0.0382,era3,15.6200
1282,20,104665.9600,23.0184,8.5389,6.7597,1.2985,era2,37.1000
1283,50,204114.6900,52.1419,23.9047,18.8134,3.7415,era1,45.8500
1284,18,27620.3000,7.2147,3.3937,2.6692,0.5328,era1,47.0400
1285,81,173937.9200,43.4575,19.3949,15.2745,3.0257,era1,44.6300
1286,96,263572.2200,66.6968,30.2342,23.8016,4.7257,era1,45.3300
1287,96,217818.8300,54.9530,24.8199,19.5411,3.8777,era1,45.1700
1288,120,212708.8300,54.8949,25.4688,20.0385,3.9920,era1,46.4000
1289,130,232722.1200,60.7894,28.5946,22.4903,4.4892,era1,47.0400
1290,52,284981.1200,74.4399,35.0156,27.5406,5.4973,era1,47.0400
1291,29,91866.6000,23.9965,11.2876,8.8780,1.7721,era1,47.0400
1292,47,142248.9200,36.4365,16.7578,13.1877,2.6239,era1,45.9900
1293,0,,,0.0000,,,,
1294,0,,,0.0000,,,,
1295,0,,,0.0000,,,,
1296,7,40427.2400,6.0807,0.9500,0.6012,0.0784,era3,15.6200
1297,6,14365.4400,2.6250,0.7149,0.5417,0.0967,era3,27.2300
1298,7,13537.1000,3.0929,1.2202,0.9642,0.1873,era2,39.4500
1299,2,2481.1300,0.6481,0.3049,0.2398,0.0479,era1,47.0400
1300,18,87129.6000,20.7305,8.6770,6.8452,1.3425,era1,41.8600
1301,6,38096.1900,8.6010,3.3308,2.6334,0.5098,era2,38.7300
1302,25,183717.5000,30.5422,6.6817,4.7877,0.7879,era3,21.8800
1303,0,,,0.0000,,,,
1304,0,,,0.0000,,,,
1305,0,,,0.0000,,,,
1306,0,,,0.0000,,,,
1307,0,,,0.0000,,,,
1308,0,,,0.0000,,,,
1309,0,,,0.0000,,,,
1310,0,,,0.0000,,,,
1311,0,,,0.0000,,,,
1312,0,,,0.0000,,,,
1313,0,,,0.0000,,,,
1314,21,97798.1400,19.1313,6.0013,4.6196,0.8563,era2,31.3700
1315,3,330512.7700,58.2722,14.7508,10.9737,1.9134,era1,25.3100
1316,2,4606.1200,0.9752,0.3380,0.2681,0.0508,era2,34.6600
1317,0,,,0.0000,,,,
1318,0,,,0.0000,,,,
1319,0,,,0.0000,,,,
1320,24,158409.7700,32.9396,11.3396,8.8739,1.6796,era2,34.4300
1321,1,8592.9500,2.2446,1.0558,0.8304,0.1658,era1,47.0400
1322,5,31558.0700,6.6517,2.3262,1.8290,0.3473,era2,34.9700
1323,20,58830.6900,13.6261,5.4875,4.3336,0.8446,era2,40.2700
1324,33,185978.7000,42.2809,16.5663,13.0877,2.5387,era2,39.1800
1325,29,58309.9000,13.6337,5.6613,4.4299,0.8677,era1,41.5200
1326,62,156599.9800,40.3053,18.6413,14.6678,2.9207,era1,46.2500
1327,64,201803.6400,52.2488,24.3313,19.1418,3.8154,era1,46.5700
1328,85,153202.4500,39.6437,18.4497,14.5149,2.8929,era1,46.5400
1329,64,225655.4100,57.2534,26.0362,20.4952,4.0711,era1,45.4800
1330,101,254407.5500,66.0200,30.8253,24.2492,4.8352,era1,46.6900
1331,66,193405.8400,50.5195,23.7638,18.6907,3.7308,era1,47.0400
1332,132,294824.2700,77.0111,36.2251,28.4918,5.6872,era1,47.0400
1333,37,201649.2900,52.6728,24.7766,19.4874,3.8898,era1,47.0400
1334,36,125237.7900,32.5659,15.2405,11.9885,2.3913,era1,46.8000
1335,66,159177.5000,34.2643,12.2583,9.7093,1.8524,era2,35.7800
1336,73,197125.5500,41.2041,14.0226,11.0963,2.0961,era2,34.0300
1337,43,134038.0300,23.0719,5.5158,4.0504,0.6918,era3,23.9100
1338,4,9991.0000,1.5913,0.3067,0.2111,0.0325,era3,19.2800
1339,0,,,0.0000,,,,
1340,9,38936.1800,10.1705,4.7841,3.7628,0.7511,era1,47.0400
1341,49,192207.5300,48.0533,21.4633,16.9032,3.3487,era1,44.6700
1342,24,114794.6600,23.3800,7.8243,6.0862,1.1450,era2,33.4700
1343,12,70877.5100,12.6893,3.3254,2.4916,0.4395,era3,26.2100
1344,0,,,0.0000,,,,
1345,0,,,0.0000,,,,
1346,0,,,0.0000,,,,
1347,0,,,0.0000,,,,
1348,0,,,0.0000,,,,
1349,0,,,0.0000,,,,
1350,0,,,0.0000,,,,
1351,0,,,0.0000,,,,
1352,0,,,0.0000,,,,
1353,0,,,0.0000,,,,
1354,0,,,0.0000,,,,
1355,16,114094.6100,18.2806,3.5911,2.4878,0.3874,era2,19.6400
1356,1,84878.5400,17.9459,6.2038,4.9221,0.9328,era2,34.5700
1357,0,,,0.0000,,,,
1358,0,,,0.0000,,,,
1359,0,,,0.0000,,,,
1360,0,,,0.0000,,,,
1361,0,,,0.0000,,,,
1362,2,5738.7900,1.2134,0.4194,0.3328,0.0631,era2,34.5700
1363,15,44326.6700,9.2973,3.3364,2.5763,0.4915,era1,35.8900
1364,41,101299.5800,22.0911,8.1295,6.4166,1.2307,era2,36.8000
1365,10,36551.6400,8.5549,3.4983,2.7616,0.5396,era1,40.8900
1366,35,77548.1400,17.0959,6.5490,5.1079,0.9868,era1,38.3100
1367,35,60832.5200,14.3551,5.9395,4.6871,0.9175,era2,41.3800
1368,64,146071.7900,34.9545,14.8159,11.6568,2.2908,era1,42.3900
1369,38,100140.5000,23.1830,9.3822,7.3876,1.4409,era2,40.4700
1370,34,88987.8000,20.7823,8.4717,6.6881,1.3060,era2,40.7600
1371,24,209892.2600,46.0121,16.9756,13.4408,2.5793,era2,36.8900
1372,20,80195.3100,20.4629,9.3687,7.3736,1.4661,era1,45.7800
1373,13,28916.0700,7.4958,3.4956,2.7499,0.5482,era1,46.6300
1374,23,86001.6800,19.9877,8.0902,6.3882,1.2460,era1,40.4800
1375,39,118702.3100,29.3734,12.9521,10.2036,2.0175,era1,44.0900
1376,36,168528.0500,37.5686,14.2544,11.2766,2.1750,era2,37.9400
1377,66,153714.6700,31.3868,10.3304,8.1273,1.5242,era2,32.9100
1378,41,102500.2000,21.2775,7.1715,5.6655,1.0680,era2,33.7000
1379,0,,,0.0000,,,,
1380,0,,,0.0000,,,,
1381,0,,,0.0000,,,,
1382,25,42915.9300,9.2700,3.3507,2.6477,0.5061,era2,36.1500
1383,4,10330.3200,1.7206,0.3784,0.2715,0.0448,era2,21.9900
1384,16,46867.4400,10.0689,3.5852,2.8418,0.5417,era2,35.6100
1385,0,,,0.0000,,,,
1386,0,,,0.0000,,,,
1387,0,,,0.0000,,,,
1388,0,,,0.0000,,,,
1389,0,,,0.0000,,,,
1390,0,,,0.0000,,,,
1391,0,,,0.0000,,,,
1392,0,,,0.0000,,,,
1393,0,,,0.0000,,,,
1394,0,,,0.0000,,,,
1395,0,,,0.0000,,,,
1396,28,167483.0700,35.2196,12.0858,9.5771,1.8123,era2,34.3200
1397,0,,,0.0000,,,,
1398,0,,,0.0000,,,,
1399,0,,,0.0000,,,,
1400,0,,,0.0000,,,,
1401,0,,,0.0000,,,,
1402,0,,,0.0000,,,,
1403,0,,,0.0000,,,,
1404,41,85361.3700,19.2959,7.5069,5.9264,1.1481,era1,38.9000
1405,43,84307.2700,20.2535,8.5904,6.7744,1.3314,era1,42.4100
1406,11,56024.4300,14.3616,6.6111,5.2026,1.0353,era1,46.0300
1407,1,3188.1700,0.4795,0.0749,0.0474,0.0062,era3,15.6200
1408,10,17449.0200,4.5579,2.1440,1.6863,0.3366,era1,47.0400
1409,5,10498.6300,2.7423,1.2900,1.0146,0.2025,era1,47.0400
1410,61,364083.8800,80.6363,30.2689,23.9534,4.6112,era2,37.5400
1411,7,17542.3600,4.5019,2.0751,1.6329,0.3250,era1,46.0900
1412,5,13282.3300,2.9234,1.0860,0.8597,0.1652,era2,37.1500
1413,4,74495.0600,19.1764,8.8707,6.9799,1.3899,era1,46.2600
1414,0,,,0.0000,,,,
1415,0,,,0.0000,,,,
1416,14,54080.5400,13.3926,5.9111,4.6566,0.9209,era1,44.1400
1417,15,37763.5200,9.1798,3.9556,3.1181,0.6143,era1,43.0900
1418,20,35481.5200,7.5461,2.6874,2.1105,0.4022,era2,35.6100
1419,17,51074.4600,9.9727,3.0618,2.3781,0.4388,era2,30.7000
1420,0,,,0.0000,,,,
1421,0,,,0.0000,,,,
1422,0,,,0.0000,,,,
1423,1,9.4300,0.0020,0.0007,0.0005,0.0001,era2,34.5500
1424,0,,,0.0000,,,,
1425,0,,,0.0000,,,,
1426,0,,,0.0000,,,,
1427,0,,,0.0000,,,,
1428,0,,,0.0000,,,,
1429,0,,,0.0000,,,,
1430,0,,,0.0000,,,,
1431,0,,,0.0000,,,,
1432,0,,,0.0000,,,,
1433,0,,,0.0000,,,,
1434,0,,,0.0000,,,,
1435,0,,,0.0000,,,,
1436,0,,,0.0000,,,,
1437,3,34729.9500,6.1744,1.5887,1.1882,0.2084,era2,25.7300
1438,1,14417.2100,3.0482,1.0538,0.8361,0.1584,era2,34.5700
1439,0,,,0.0000,,,,
1440,0,,,0.0000,,,,
1441,0,,,0.0000,,,,
1442,0,,,0.0000,,,,
1443,0,,,0.0000,,,,
1444,0,,,0.0000,,,,
1445,1,2975.0200,0.6290,0.2174,0.1725,0.0327,era2,34.5700
1446,17,49154.3600,12.0899,5.2899,4.1682,0.8232,era1,43.7500
1447,15,36610.4500,7.7405,2.6759,2.1230,0.4023,era2,34.5700
1448,7,13577.2200,2.8706,0.9924,0.7873,0.1492,era2,34.5700
1449,5,17987.6900,3.8031,1.3147,1.0431,0.1977,era2,34.5700
1450,28,59765.5100,13.7614,5.4934,4.3394,0.8444,era2,39.9200
1451,78,328645.0300,72.2008,26.7360,21.1664,4.0645,era2,37.0300
1452,61,118895.7900,27.5678,11.1197,8.7812,1.7118,era2,40.3400
1453,17,33357.1900,8.6507,4.0361,3.1751,0.6330,era1,46.6600
1454,3,25022.7400,6.5362,3.0745,2.4182,0.4827,era1,47.0400
1455,0,,,0.0000,,,,
1456,0,,,0.0000,,,,
1457,8,36883.6700,9.6344,4.5319,3.5644,0.7115,era1,47.0400
1458,9,93095.5900,20.8858,8.0070,6.3323,1.2236,era2,38.3400
1459,7,54392.4900,11.6344,4.1097,3.2584,0.6201,era2,35.3200
1460,19,134406.7300,26.3890,8.3737,6.4347,1.1958,era2,31.7300
1461,0,,,0.0000,,,,
1462,0,,,0.0000,,,,
1463,0,,,0.0000,,,,
1464,0,,,0.0000,,,,
1465,0,,,0.0000,,,,
1466,0,,,0.0000,,,,
1467,0,,,0.0000,,,,
1468,0,,,0.0000,,,,
1469,0,,,0.0000,,,,
1470,0,,,0.0000,,,,
1471,0,,,0.0000,,,,
1472,0,,,0.0000,,,,
1473,0,,,0.0000,,,,
1474,0,,,0.0000,,,,
1475,0,,,0.0000,,,,
1476,0,,,0.0000,,,,
1477,0,,,0.0000,,,,
1478,3,4260.8900,0.7698,0.2049,0.1545,0.0274,era2,26.6200
1479,1,104117.5000,22.0136,7.6099,6.0378,1.1443,era2,34.5700
1480,0,,,0.0000,,,,
1481,0,,,0.0000,,,,
1482,0,,,0.0000,,,,
1483,0,,,0.0000,,,,
1484,0,,,0.0000,,,,
1485,0,,,0.0000,,,,
1486,6,5134.3000,0.8611,0.1928,0.1391,0.0231,era2,22.3900
1487,46,141701.5200,25.7943,6.9716,5.2736,0.9395,era2,27.0300
1488,7,19357.2000,4.0927,1.4148,1.1225,0.2127,era2,34.5700
1489,14,86959.6000,18.4443,6.4818,5.1133,0.9721,era2,35.1400
1490,0,,,0.0000,,,,
1491,0,,,0.0000,,,,
1492,49,169533.6200,38.4188,14.9746,11.8333,2.2933,era2,38.9800
1493,14,80030.6700,19.3849,8.3135,6.5541,1.2904,era2,42.8900
1494,0,,,0.0000,,,,
1495,0,,,0.0000,,,,
1496,8,61693.9700,13.4673,4.9326,3.9064,0.7486,era2,36.6300
1497,3,115324.8400,24.4645,8.5105,6.7509,1.2810,era2,34.7900
1498,28,51002.3000,11.7085,4.6528,3.6759,0.7148,era2,39.7400
1499,19,42662.6200,8.6900,2.8758,2.2504,0.4224,era2,33.0900
1500,29,63982.9100,13.2306,4.4349,3.5003,0.6591,era2,33.5200
1501,21,38670.2500,8.1761,2.8264,2.2425,0.4250,era2,34.5700
1502,0,,,0.0000,,,,
1503,0,,,0.0000,,,,
1504,0,,,0.0000,,,,
1505,0,,,0.0000,,,,
1506,0,,,0.0000,,,,
1507,0,,,0.0000,,,,
1508,0,,,0.0000,,,,
1509,0,,,0.0000,,,,
1510,0,,,0.0000,,,,
1511,0,,,0.0000,,,,
1512,0,,,0.0000,,,,
1513,0,,,0.0000,,,,
1514,0,,,0.0000,,,,
1515,0,,,0.0000,,,,
1516,0,,,0.0000,,,,
1517,0,,,0.0000,,,,
1518,0,,,0.0000,,,,
1519,6,25364.6100,5.0894,1.6317,1.2777,0.2382,era2,32.0600
1520,20,94443.1700,14.4210,2.3948,1.5569,0.2152,era3,16.6100
1521,0,,,0.0000,,,,
1522,0,,,0.0000,,,,
1523,0,,,0.0000,,,,
1524,0,,,0.0000,,,,
1525,0,,,0.0000,,,,
1526,0,,,0.0000,,,,
1527,8,34243.5400,6.8609,2.1947,1.7178,0.3201,era2,31.9900
1528,0,,,0.0000,,,,
1529,0,,,0.0000,,,,
1530,12,210636.1400,44.8835,15.7441,12.4855,2.3730,era2,35.0800
1531,0,,,0.0000,,,,
1532,0,,,0.0000,,,,
1533,3,6564.1900,1.6045,0.6964,0.5489,0.1083,era1,43.4000
1534,11,25634.3200,5.1823,1.6806,1.3187,0.2465,era2,32.4300
1535,0,,,0.0000,,,,
1536,0,,,0.0000,,,,
1537,11,30981.0000,6.4012,2.1433,1.6913,0.3184,era2,33.4800
1538,5,10903.0200,2.3957,0.8874,0.7025,0.1349,era2,37.0400
1539,5,16361.6000,4.1322,1.8688,1.4713,0.2920,era1,45.2200
1540,7,37303.4700,7.6767,2.5825,2.0246,0.3814,era2,33.6400
1541,37,167737.2700,35.8200,12.6153,10.0030,1.9027,era2,35.2200
1542,1,5100.5700,1.3323,0.6267,0.4929,0.0984,era1,47.0400
1543,0,,,0.0000,,,,
1544,0,,,0.0000,,,,
1545,0,,,0.0000,,,,
1546,0,,,0.0000,,,,
1547,0,,,0.0000,,,,
1548,0,,,0.0000,,,,
1549,0,,,0.0000,,,,
1550,0,,,0.0000,,,,
1551,0,,,0.0000,,,,
1552,0,,,0.0000,,,,
1553,0,,,0.0000,,,,
1554,0,,,0.0000,,,,
1555,0,,,0.0000,,,,
1556,0,,,0.0000,,,,
1557,0,,,0.0000,,,,
1558,0,,,0.0000,,,,
1559,0,,,0.0000,,,,
1560,1,4012.5400,0.6035,0.0943,0.0597,0.0078,era3,15.6200
1561,19,38771.4100,6.0249,1.0682,0.7131,0.1039,era3,17.7300
1562,1,1767.0500,0.2658,0.0415,0.0263,0.0034,era3,15.6200
1563,22,68667.6700,13.8960,4.5131,3.5422,0.6623,era2,32.4800
1564,34,106216.4200,16.1847,2.6657,1.7269,0.2370,era3,16.4700
1565,39,113871.1100,23.6032,8.1112,6.3337,1.1983,era2,34.3600
1566,23,86237.3900,17.3871,5.8104,4.4756,0.8414,era2,33.4200
1567,7,36905.4100,7.3436,2.4525,1.8634,0.3501,era1,33.4000
1568,4,7166.2300,1.4058,0.4349,0.3383,0.0625,era2,30.9400
1569,4,11445.4800,2.0843,0.5638,0.4266,0.0760,era3,27.0500
1570,2,3046.3000,0.6441,0.2227,0.1767,0.0335,era2,34.5700
1571,0,,,0.0000,,,,
1572,0,,,0.0000,,,,
1573,0,,,0.0000,,,,
1574,50,192376.3200,39.8004,13.3507,10.5385,1.9846,era2,33.5400
1575,12,40381.8000,8.5379,2.9515,2.3417,0.4438,era2,34.5700
1576,0,,,0.0000,,,,
1577,0,,,0.0000,,,,
1578,0,,,0.0000,,,,
1579,4,2110.9200,0.4463,0.1543,0.1224,0.0232,era2,34.5700
1580,17,44957.5300,9.9791,3.7597,2.9749,0.5731,era2,37.6800
1581,0,,,0.0000,,,,
1582,0,,,0.0000,,,,
1583,0,,,0.0000,,,,
1584,0,,,0.0000,,,,
1585,0,,,0.0000,,,,
1586,0,,,0.0000,,,,
1587,0,,,0.0000,,,,
1588,0,,,0.0000,,,,
1589,0,,,0.0000,,,,
1590,0,,,0.0000,,,,
1591,0,,,0.0000,,,,
1592,0,,,0.0000,,,,
1593,0,,,0.0000,,,,
1594,0,,,0.0000,,,,
1595,0,,,0.0000,,,,
1596,0,,,0.0000,,,,
1597,0,,,0.0000,,,,
1598,0,,,0.0000,,,,
1599,0,,,0.0000,,,,
1600,0,,,0.0000,,,,
1601,4,133000.6100,25.7223,7.7722,6.0181,1.1060,era2,30.2200
1602,0,,,0.0000,,,,
1603,6,8774.6300,1.3198,0.2062,0.1305,0.0170,era3,15.6200
1604,10,28481.7400,4.6702,0.9832,0.6965,0.1125,era3,21.0500
1605,27,84247.8100,12.8481,2.1232,1.3774,0.1896,era3,16.5300
1606,26,101874.9000,24.8884,10.8092,8.5132,1.6794,era2,43.4300
1607,18,86031.4900,20.0213,8.2788,6.4703,1.2665,era1,41.3500
1608,9,88635.2300,18.9595,6.6977,5.3103,1.0107,era2,35.3300
1609,0,,,0.0000,,,,
1610,28,40699.1300,6.7912,1.5006,1.0784,0.1783,era3,22.1000
1611,0,,,0.0000,,,,
1612,0,,,0.0000,,,,
1613,0,,,0.0000,,,,
1614,0,,,0.0000,,,,
1615,31,67852.7600,13.5136,4.2828,3.3465,0.6222,era2,31.6900
1616,10,64475.1700,13.6320,4.7125,3.7389,0.7086,era2,34.5700
1617,15,31199.2600,6.5965,2.2804,1.8092,0.3429,era2,34.5700
1618,16,35167.3300,7.4354,2.5704,2.0394,0.3865,era2,34.5700
1619,0,,,0.0000,,,,
1620,0,,,0.0000,,,,
1621,0,,,0.0000,,,,
1622,21,44981.9100,10.1497,3.9888,3.1278,0.6070,era2,39.3000
1623,0,,,0.0000,,,,
1624,0,,,0.0000,,,,
1625,0,,,0.0000,,,,
1626,0,,,0.0000,,,,
1627,0,,,0.0000,,,,
1628,0,,,0.0000,,,,
1629,0,,,0.0000,,,,
1630,0,,,0.0000,,,,
1631,0,,,0.0000,,,,
1632,0,,,0.0000,,,,
1633,0,,,0.0000,,,,
1634,0,,,0.0000,,,,
1635,0,,,0.0000,,,,
1636,0,,,0.0000,,,,
1637,0,,,0.0000,,,,
1638,0,,,0.0000,,,,
1639,0,,,0.0000,,,,
1640,0,,,0.0000,,,,
1641,0,,,0.0000,,,,
1642,0,,,0.0000,,,,
1643,0,,,0.0000,,,,
1644,0,,,0.0000,,,,
1645,0,,,0.0000,,,,
1646,3,11629.0000,1.9104,0.4044,0.2869,0.0465,era3,21.1700
1647,24,96102.5300,23.3332,10.0384,7.9133,1.5587,era2,43.0200
1648,20,96880.7100,20.3280,6.9546,5.5082,1.0417,era2,34.2100
1649,21,127503.2900,22.7231,5.8776,4.4013,0.7732,era3,25.8700
1650,0,,,0.0000,,,,
1651,0,,,0.0000,,,,
1652,0,,,0.0000,,,,
1653,0,,,0.0000,,,,
1654,0,,,0.0000,,,,
1655,0,,,0.0000,,,,
1656,0,,,0.0000,,,,
1657,0,,,0.0000,,,,
1658,0,,,0.0000,,,,
1659,0,,,0.0000,,,,
1660,0,,,0.0000,,,,
1661,0,,,0.0000,,,,
1662,0,,,0.0000,,,,
1663,0,,,0.0000,,,,
1664,0,,,0.0000,,,,
1665,0,,,0.0000,,,,
1666,0,,,0.0000,,,,
1667,0,,,0.0000,,,,
1668,0,,,0.0000,,,,
1669,0,,,0.0000,,,,
1670,0,,,0.0000,,,,
1671,0,,,0.0000,,,,
1672,0,,,0.0000,,,,
1673,0,,,0.0000,,,,
1674,0,,,0.0000,,,,
1675,0,,,0.0000,,,,
1676,0,,,0.0000,,,,
1677,0,,,0.0000,,,,
1678,0,,,0.0000,,,,
1679,0,,,0.0000,,,,
1680,0,,,0.0000,,,,
1681,0,,,0.0000,,,,
1682,0,,,0.0000,,,,
1683,0,,,0.0000,,,,
1684,0,,,0.0000,,,,
1685,0,,,0.0000,,,,
1686,0,,,0.0000,,,,
1687,1,1712.6600,0.3621,0.1252,0.0993,0.0188,era2,34.5700
1688,1,76750.6400,16.2274,5.6097,4.4508,0.8435,era2,34.5700
1689,0,,,0.0000,,,,
1690,0,,,0.0000,,,,
1691,0,,,0.0000,,,,
1692,0,,,0.0000,,,,
1693,0,,,0.0000,,,,
1694,0,,,0.0000,,,,
1695,0,,,0.0000,,,,
1696,0,,,0.0000,,,,
1697,0,,,0.0000,,,,
1698,0,,,0.0000,,,,
1699,0,,,0.0000,,,,
1700,0,,,0.0000,,,,
1701,0,,,0.0000,,,,
1702,0,,,0.0000,,,,
1703,0,,,0.0000,,,,
1704,0,,,0.0000,,,,
1705,0,,,0.0000,,,,
1706,0,,,0.0000,,,,
1707,0,,,0.0000,,,,
1708,0,,,0.0000,,,,
1709,0,,,0.0000,,,,
1710,0,,,0.0000,,,,
1711,0,,,0.0000,,,,
1712,0,,,0.0000,,,,
1713,0,,,0.0000,,,,
1714,0,,,0.0000,,,,
1715,0,,,0.0000,,,,
1716,0,,,0.0000,,,,
1717,0,,,0.0000,,,,
1718,0,,,0.0000,,,,
1719,0,,,0.0000,,,,
1720,0,,,0.0000,,,,
1721,0,,,0.0000,,,,
